gameId,actionNumber,clock,period,teamId,teamTricode,personId,playerName,playerNameI,xLegacy,yLegacy,shotDistance,shotResult,isFieldGoal,scoreHome,scoreAway,pointsTotal,location,description,actionType,subType,videoAvailable,shotValue,actionId,game_id,date
0042300236,2,PT12M00.00S,1,0,,0,,,0,0,0,,0,0,0,0,,Start of 1st Period (8:45 PM EST),period,start,0,0,1,0042300236,2024-05-16
0042300236,4,PT12M00.00S,1,1610612750,MIN,203497,Gobert,R. Gobert,0,0,0,,0,,,0,h,Jump Ball Gobert vs. Jokic: Tip to Gordon,Jump Ball,,1,0,2,0042300236,2024-05-16
0042300236,7,PT11M42.00S,1,1610612743,DEN,1627750,Murray,J. Murray,72,31,8,Missed,1,,,0,v,MISS Murray 8' Fadeaway Jumper,Missed Shot,Fadeaway Jump Shot,1,2,3,0042300236,2024-05-16
0042300236,8,PT11M39.00S,1,1610612750,MIN,203497,Gobert,R. Gobert,0,0,0,,0,,,0,h,Gobert REBOUND (Off:0 Def:1),Rebound,Unknown,1,0,4,0042300236,2024-05-16
0042300236,9,PT11M21.00S,1,1610612750,MIN,203497,Gobert,R. Gobert,0,5,1,Made,1,2,0,2,h,Gobert 1' Alley Oop Dunk (2 PTS) (Towns 1 AST),Made Shot,Alley Oop Dunk Shot,1,2,5,0042300236,2024-05-16
0042300236,11,PT11M02.00S,1,1610612743,DEN,1627750,Murray,J. Murray,-94,107,14,Missed,1,,,0,v,MISS Murray 14' Driving Floating Bank Jump Shot,Missed Shot,Driving Floating Bank Jump Shot,1,2,6,0042300236,2024-05-16
0042300236,12,PT11M00.00S,1,1610612750,MIN,203497,Gobert,R. Gobert,0,0,0,,0,,,0,h,Gobert REBOUND (Off:0 Def:2),Rebound,Unknown,1,0,7,0042300236,2024-05-16
0042300236,13,PT10M52.00S,1,1610612750,MIN,1630162,Edwards,A. Edwards,43,248,25,Missed,1,,,0,h,MISS Edwards 25' 3PT Pullup Jump Shot,Missed Shot,Pullup Jump shot,1,3,8,0042300236,2024-05-16
0042300236,14,PT10M50.00S,1,1610612743,DEN,203932,Gordon,A. Gordon,0,0,0,,0,,,0,v,Gordon REBOUND (Off:0 Def:1),Rebound,Unknown,1,0,9,0042300236,2024-05-16
0042300236,15,PT10M40.00S,1,1610612743,DEN,1629008,Porter Jr.,M. Porter Jr.,-229,33,0,Missed,1,,,0,v,MISS Porter Jr. 3PT Jump Shot,Missed Shot,Jump Shot,1,3,10,0042300236,2024-05-16
0042300236,16,PT10M36.00S,1,1610612750,MIN,1626157,Towns,K. Towns,0,0,0,,0,,,0,h,Towns REBOUND (Off:0 Def:1),Rebound,Unknown,1,0,11,0042300236,2024-05-16
0042300236,17,PT10M30.00S,1,1610612750,MIN,1630162,Edwards,A. Edwards,26,20,3,Missed,1,,,0,h,MISS Edwards 3' Driving Layup,Missed Shot,Driving Layup Shot,1,2,12,0042300236,2024-05-16
0042300236,18,PT10M30.00S,1,1610612743,DEN,203999,Jokić,N. Jokić,0,0,0,,0,,,0,v,Jokic REBOUND (Off:0 Def:1),Rebound,Unknown,1,0,13,0042300236,2024-05-16
0042300236,19,PT10M22.00S,1,1610612743,DEN,203999,Jokić,N. Jokić,9,23,2,Made,1,2,2,4,v,Jokic 2' Cutting Dunk Shot (2 PTS) (Murray 1 AST),Made Shot,Cutting Dunk Shot,1,2,14,0042300236,2024-05-16
0042300236,21,PT10M10.00S,1,1610612750,MIN,1626157,Towns,K. Towns,-146,218,26,Missed,1,,,0,h,MISS Towns 26' 3PT Jump Shot,Missed Shot,Jump Shot,1,3,15,0042300236,2024-05-16
0042300236,22,PT10M08.00S,1,1610612750,MIN,203497,Gobert,R. Gobert,0,0,0,,0,,,0,h,Gobert REBOUND (Off:1 Def:2),Rebound,Unknown,1,0,16,0042300236,2024-05-16
0042300236,44,PT10M08.00S,1,1610612750,MIN,203497,Gobert,R. Gobert,1,17,2,Missed,1,,,0,h,MISS Gobert 2' Tip Layup Shot,Missed Shot,Tip Layup Shot,1,2,17,0042300236,2024-05-16
0042300236,44,PT10M08.00S,1,1610612743,DEN,1629008,Porter Jr.,M. Porter Jr.,0,0,0,,0,,,0,v,Porter Jr. BLOCK (1 BLK),,,1,2,18,0042300236,2024-05-16
0042300236,46,PT10M08.00S,1,1610612743,DEN,203484,Caldwell-Pope,K. Caldwell-Pope,0,0,0,,0,,,0,v,Caldwell-Pope REBOUND (Off:0 Def:1),Rebound,Unknown,1,0,19,0042300236,2024-05-16
0042300236,25,PT09M58.00S,1,1610612743,DEN,203999,Jokić,N. Jokić,53,27,6,Missed,1,,,0,v,MISS Jokic 6' Turnaround Hook Shot,Missed Shot,Turnaround Hook Shot,1,2,20,0042300236,2024-05-16
0042300236,26,PT09M57.00S,1,0,,1610612743,,,0,0,0,,0,,,0,v,Nuggets Rebound,Rebound,Unknown,1,0,21,0042300236,2024-05-16
0042300236,27,PT09M57.00S,1,1610612750,MIN,201144,Conley,M. Conley,0,0,0,,0,,,0,h,Conley L.B.FOUL (P1.T1) (T.Ford),Foul,Loose Ball,1,0,22,0042300236,2024-05-16
0042300236,29,PT09M51.00S,1,1610612743,DEN,1629008,Porter Jr.,M. Porter Jr.,-2,16,2,Made,1,2,4,6,v,Porter Jr. 2' Cutting Dunk Shot (2 PTS) (Gordon 1 AST),Made Shot,Cutting Dunk Shot,1,2,23,0042300236,2024-05-16
0042300236,107,PT09M36.00S,1,1610612750,MIN,203497,Gobert,R. Gobert,-2,26,3,Missed,1,,,0,h,MISS Gobert 3' Alley Oop Dunk,Missed Shot,Alley Oop Dunk Shot,1,2,24,0042300236,2024-05-16
0042300236,107,PT09M36.00S,1,1610612743,DEN,203932,Gordon,A. Gordon,0,0,0,,0,,,0,v,Gordon BLOCK (1 BLK),,,1,2,25,0042300236,2024-05-16
0042300236,109,PT09M36.00S,1,1610612743,DEN,1629008,Porter Jr.,M. Porter Jr.,0,0,0,,0,,,0,v,Porter Jr. REBOUND (Off:0 Def:1),Rebound,Unknown,1,0,26,0042300236,2024-05-16
0042300236,33,PT09M30.00S,1,1610612743,DEN,203999,Jokić,N. Jokić,-12,46,5,Made,1,2,6,8,v,Jokic 5' Running Layup (4 PTS) (Caldwell-Pope 1 AST),Made Shot,Running Layup Shot,1,2,27,0042300236,2024-05-16
0042300236,35,PT09M10.00S,1,1610612750,MIN,1630183,McDaniels,J. McDaniels,-224,3,0,Missed,1,,,0,h,MISS McDaniels 3PT Jump Shot,Missed Shot,Jump Shot,1,3,28,0042300236,2024-05-16
0042300236,36,PT09M08.00S,1,1610612743,DEN,203932,Gordon,A. Gordon,0,0,0,,0,,,0,v,Gordon REBOUND (Off:0 Def:2),Rebound,Unknown,1,0,29,0042300236,2024-05-16
0042300236,37,PT09M03.00S,1,1610612743,DEN,1629008,Porter Jr.,M. Porter Jr.,18,256,26,Made,1,2,9,11,v,Porter Jr. 26' 3PT Running Jump Shot (5 PTS) (Gordon 2 AST),Made Shot,Running Jump Shot,1,3,30,0042300236,2024-05-16
0042300236,39,PT09M01.00S,1,0,,1610612750,,,0,0,0,,0,,,0,h,TIMBERWOLVES Timeout: Regular (Full 1 Short 0),Timeout,Regular,0,0,31,0042300236,2024-05-16
0042300236,40,PT08M45.00S,1,1610612750,MIN,1626157,Towns,K. Towns,0,0,0,,0,,,0,h,Towns Bad Pass Turnover (P1.T1),Turnover,Bad Pass,1,0,32,0042300236,2024-05-16
0042300236,40,PT08M45.00S,1,1610612743,DEN,1627750,Murray,J. Murray,0,0,0,,0,,,0,v,Murray STEAL (1 STL),,,1,0,33,0042300236,2024-05-16
0042300236,42,PT08M26.00S,1,1610612743,DEN,203999,Jokić,N. Jokić,74,27,8,Missed,1,,,0,v,MISS Jokic 8' Turnaround Fadeaway Shot,Missed Shot,Turnaround Fadeaway shot,1,2,34,0042300236,2024-05-16
0042300236,43,PT08M23.00S,1,1610612750,MIN,1630162,Edwards,A. Edwards,0,0,0,,0,,,0,h,Edwards REBOUND (Off:0 Def:1),Rebound,Unknown,1,0,35,0042300236,2024-05-16
0042300236,47,PT08M09.00S,1,1610612750,MIN,1630183,McDaniels,J. McDaniels,-225,10,0,Made,1,5,9,14,h,McDaniels 3PT Step Back Jump Shot (3 PTS) (Towns 2 AST),Made Shot,Step Back Jump shot,1,3,36,0042300236,2024-05-16
0042300236,49,PT07M56.00S,1,1610612743,DEN,1627750,Murray,J. Murray,0,0,0,,0,,,0,v,Murray Bad Pass Turnover (P1.T1),Turnover,Bad Pass,1,0,37,0042300236,2024-05-16
0042300236,49,PT07M56.00S,1,1610612750,MIN,1630183,McDaniels,J. McDaniels,0,0,0,,0,,,0,h,McDaniels STEAL (1 STL),,,1,0,38,0042300236,2024-05-16
0042300236,51,PT07M52.00S,1,1610612750,MIN,1630162,Edwards,A. Edwards,1,8,1,Made,1,7,9,16,h,Edwards 1' Running Dunk (2 PTS),Made Shot,Running Dunk Shot,1,2,39,0042300236,2024-05-16
0042300236,52,PT07M34.00S,1,1610612743,DEN,203999,Jokić,N. Jokić,-49,247,25,Missed,1,,,0,v,MISS Jokic 25' 3PT Step Back Jump Shot,Missed Shot,Step Back Jump shot,1,3,40,0042300236,2024-05-16
0042300236,53,PT07M32.00S,1,1610612750,MIN,203497,Gobert,R. Gobert,0,0,0,,0,,,0,h,Gobert REBOUND (Off:1 Def:3),Rebound,Unknown,1,0,41,0042300236,2024-05-16
0042300236,54,PT07M21.00S,1,1610612750,MIN,203497,Gobert,R. Gobert,-15,9,2,Missed,1,,,0,h,MISS Gobert 2' Alley Oop Layup,Missed Shot,Alley Oop Layup shot,1,2,42,0042300236,2024-05-16
0042300236,55,PT07M19.00S,1,1610612750,MIN,1626157,Towns,K. Towns,0,0,0,,0,,,0,h,Towns REBOUND (Off:1 Def:1),Rebound,Unknown,1,0,43,0042300236,2024-05-16
0042300236,56,PT07M17.00S,1,1610612750,MIN,1626157,Towns,K. Towns,85,47,10,Missed,1,,,0,h,MISS Towns 10' Floating Jump Shot,Missed Shot,Floating Jump shot,1,2,44,0042300236,2024-05-16
0042300236,57,PT07M16.00S,1,1610612750,MIN,1630183,McDaniels,J. McDaniels,0,0,0,,0,,,0,h,McDaniels REBOUND (Off:1 Def:0),Rebound,Unknown,1,0,45,0042300236,2024-05-16
0042300236,58,PT07M14.00S,1,1610612750,MIN,1630183,McDaniels,J. McDaniels,-25,10,3,Made,1,9,9,18,h,McDaniels 3' Driving Layup (5 PTS),Made Shot,Driving Layup Shot,1,2,46,0042300236,2024-05-16
0042300236,59,PT07M01.00S,1,1610612743,DEN,1627750,Murray,J. Murray,-96,242,26,Missed,1,,,0,v,MISS Murray 26' 3PT Pullup Jump Shot,Missed Shot,Pullup Jump shot,1,3,47,0042300236,2024-05-16
0042300236,60,PT06M58.00S,1,1610612750,MIN,203497,Gobert,R. Gobert,0,0,0,,0,,,0,h,Gobert REBOUND (Off:1 Def:4),Rebound,Unknown,1,0,48,0042300236,2024-05-16
0042300236,61,PT06M51.00S,1,1610612750,MIN,1626157,Towns,K. Towns,-10,11,1,Made,1,11,9,20,h,Towns 1' Driving Dunk (2 PTS) (Conley 1 AST),Made Shot,Driving Dunk Shot,1,2,49,0042300236,2024-05-16
0042300236,63,PT06M32.00S,1,1610612743,DEN,203999,Jokić,N. Jokić,0,0,0,,0,,,0,v,Jokic Traveling Turnover (P1.T2),Turnover,Traveling,1,0,50,0042300236,2024-05-16
0042300236,65,PT06M09.00S,1,1610612750,MIN,201144,Conley,M. Conley,-224,29,0,Missed,1,,,0,h,MISS Conley 3PT Jump Shot,Missed Shot,Jump Shot,1,3,51,0042300236,2024-05-16
0042300236,65,PT06M09.00S,1,1610612743,DEN,203932,Gordon,A. Gordon,0,0,0,,0,,,0,v,Gordon BLOCK (2 BLK),,,1,3,52,0042300236,2024-05-16
0042300236,67,PT06M08.00S,1,1610612743,DEN,203932,Gordon,A. Gordon,0,0,0,,0,,,0,v,Gordon REBOUND (Off:0 Def:3),Rebound,Unknown,1,0,53,0042300236,2024-05-16
0042300236,68,PT05M54.00S,1,1610612743,DEN,1629008,Porter Jr.,M. Porter Jr.,0,0,0,,0,,,0,v,Porter Jr. Bad Pass Turnover (P1.T3),Turnover,Bad Pass,1,0,54,0042300236,2024-05-16
0042300236,68,PT05M54.00S,1,1610612750,MIN,203497,Gobert,R. Gobert,0,0,0,,0,,,0,h,Gobert STEAL (1 STL),,,1,0,55,0042300236,2024-05-16
0042300236,70,PT05M50.00S,1,1610612743,DEN,203932,Gordon,A. Gordon,0,0,0,,0,,,0,v,Gordon S.FOUL (P1.T1) (T.Ford),Foul,Shooting,1,0,56,0042300236,2024-05-16
0042300236,72,PT05M50.00S,1,0,,1610612743,,,0,0,0,,0,,,0,v,Nuggets Timeout: Regular (Reg.1 Short 0),Timeout,Regular,0,0,57,0042300236,2024-05-16
0042300236,73,PT05M50.00S,1,1610612750,MIN,1630162,Edwards,A. Edwards,0,0,0,,0,12,9,21,h,Edwards Free Throw 1 of 2 (3 PTS),Free Throw,Free Throw 1 of 2,1,0,58,0042300236,2024-05-16
0042300236,74,PT05M50.00S,1,1610612750,MIN,1630162,Edwards,A. Edwards,0,0,0,,0,13,9,22,h,Edwards Free Throw 2 of 2 (4 PTS),Free Throw,Free Throw 2 of 2,1,0,59,0042300236,2024-05-16
0042300236,75,PT05M29.00S,1,1610612743,DEN,1627750,Murray,J. Murray,161,61,17,Missed,1,,,0,v,MISS Murray 17' Step Back Jump Shot,Missed Shot,Step Back Jump shot,1,2,60,0042300236,2024-05-16
0042300236,76,PT05M27.00S,1,1610612750,MIN,203497,Gobert,R. Gobert,0,0,0,,0,,,0,h,Gobert REBOUND (Off:1 Def:5),Rebound,Unknown,1,0,61,0042300236,2024-05-16
0042300236,78,PT05M07.00S,1,1610612750,MIN,201144,Conley,M. Conley,28,108,11,Made,1,15,9,24,h,Conley 11' Driving Floating Jump Shot (2 PTS),Made Shot,Driving Floating Jump Shot,1,2,62,0042300236,2024-05-16
0042300236,79,PT04M52.00S,1,1610612743,DEN,203999,Jokić,N. Jokić,-130,217,25,Missed,1,,,0,v,MISS Jokic 25' 3PT Jump Shot,Missed Shot,Jump Shot,1,3,63,0042300236,2024-05-16
0042300236,80,PT04M50.00S,1,1610612750,MIN,203497,Gobert,R. Gobert,0,0,0,,0,,,0,h,Gobert REBOUND (Off:1 Def:6),Rebound,Unknown,1,0,64,0042300236,2024-05-16
0042300236,81,PT04M38.00S,1,1610612750,MIN,1626157,Towns,K. Towns,-70,237,25,Missed,1,,,0,h,MISS Towns 25' 3PT Jump Shot,Missed Shot,Jump Shot,1,3,65,0042300236,2024-05-16
0042300236,82,PT04M34.00S,1,1610612750,MIN,1626157,Towns,K. Towns,0,0,0,,0,,,0,h,Towns REBOUND (Off:2 Def:1),Rebound,Unknown,1,0,66,0042300236,2024-05-16
0042300236,83,PT04M32.00S,1,1610612750,MIN,1630162,Edwards,A. Edwards,-233,6,0,Made,1,18,9,27,h,Edwards 3PT Jump Shot (7 PTS) (Conley 2 AST),Made Shot,Jump Shot,1,3,67,0042300236,2024-05-16
0042300236,85,PT04M20.00S,1,1610612743,DEN,203932,Gordon,A. Gordon,233,36,24,Missed,1,,,0,v,MISS Gordon 24' 3PT Jump Shot,Missed Shot,Jump Shot,1,3,68,0042300236,2024-05-16
0042300236,86,PT04M17.00S,1,1610612750,MIN,1626157,Towns,K. Towns,0,0,0,,0,,,0,h,Towns REBOUND (Off:2 Def:2),Rebound,Unknown,1,0,69,0042300236,2024-05-16
0042300236,87,PT04M09.00S,1,1610612750,MIN,203497,Gobert,R. Gobert,11,10,1,Made,1,20,9,29,h,Gobert 1' Alley Oop Dunk (4 PTS) (Towns 3 AST),Made Shot,Alley Oop Dunk Shot,1,2,70,0042300236,2024-05-16
0042300236,89,PT03M45.00S,1,1610612743,DEN,1629008,Porter Jr.,M. Porter Jr.,-92,239,26,Missed,1,,,0,v,MISS Porter Jr. 26' 3PT Pullup Jump Shot,Missed Shot,Pullup Jump shot,1,3,71,0042300236,2024-05-16
0042300236,90,PT03M43.00S,1,1610612750,MIN,1626157,Towns,K. Towns,0,0,0,,0,,,0,h,Towns REBOUND (Off:2 Def:3),Rebound,Unknown,1,0,72,0042300236,2024-05-16
0042300236,91,PT03M34.00S,1,1610612743,DEN,203484,Caldwell-Pope,K. Caldwell-Pope,0,0,0,,0,,,0,v,Caldwell-Pope S.FOUL (P1.T2) (M.Davis),Foul,Shooting,1,0,73,0042300236,2024-05-16
0042300236,93,PT03M34.00S,1,1610612750,MIN,1630162,Edwards,A. Edwards,0,0,0,,0,21,9,30,h,Edwards Free Throw 1 of 2 (8 PTS),Free Throw,Free Throw 1 of 2,1,0,74,0042300236,2024-05-16
0042300236,94,PT03M34.00S,1,1610612750,MIN,201144,Conley,M. Conley,0,0,0,,0,,,0,h,SUB: Alexander-Walker FOR Conley,Substitution,,0,0,75,0042300236,2024-05-16
0042300236,95,PT03M34.00S,1,1610612750,MIN,203497,Gobert,R. Gobert,0,0,0,,0,,,0,h,SUB: Reid FOR Gobert,Substitution,,0,0,76,0042300236,2024-05-16
0042300236,98,PT03M34.00S,1,1610612750,MIN,1630162,Edwards,A. Edwards,0,0,0,,0,22,9,31,h,Edwards Free Throw 2 of 2 (9 PTS),Free Throw,Free Throw 2 of 2,1,0,77,0042300236,2024-05-16
0042300236,99,PT03M18.00S,1,1610612743,DEN,203999,Jokić,N. Jokić,11,159,16,Made,1,22,11,33,v,Jokic 16' Jump Shot (6 PTS) (Caldwell-Pope 2 AST),Made Shot,Jump Shot,1,2,78,0042300236,2024-05-16
0042300236,101,PT03M03.00S,1,1610612750,MIN,1630162,Edwards,A. Edwards,22,4,2,Made,1,24,11,35,h,Edwards 2' Driving Layup (11 PTS),Made Shot,Driving Layup Shot,1,2,79,0042300236,2024-05-16
0042300236,102,PT02M56.00S,1,1610612743,DEN,203932,Gordon,A. Gordon,0,0,0,,0,,,0,v,Gordon Lost Ball Turnover (P1.T4),Turnover,Lost Ball,1,0,80,0042300236,2024-05-16
0042300236,102,PT02M56.00S,1,1610612750,MIN,1629675,Reid,N. Reid,0,0,0,,0,,,0,h,Reid STEAL (1 STL),,,1,0,81,0042300236,2024-05-16
0042300236,104,PT02M53.00S,1,1610612750,MIN,1630183,McDaniels,J. McDaniels,2,-1,0,Made,1,26,11,37,h,McDaniels Running Dunk (7 PTS) (Reid 1 AST),Made Shot,Running Dunk Shot,1,2,82,0042300236,2024-05-16
0042300236,106,PT02M53.00S,1,0,,1610612743,,,0,0,0,,0,,,0,v,Nuggets Timeout: Regular (Reg.2 Short 0),Timeout,Regular,0,0,83,0042300236,2024-05-16
0042300236,110,PT02M53.00S,1,1610612743,DEN,1629008,Porter Jr.,M. Porter Jr.,0,0,0,,0,,,0,v,SUB: Braun FOR Porter Jr.,Substitution,,0,0,84,0042300236,2024-05-16
0042300236,111,PT02M53.00S,1,1610612743,DEN,203932,Gordon,A. Gordon,0,0,0,,0,,,0,v,SUB: Holiday FOR Gordon,Substitution,,0,0,85,0042300236,2024-05-16
0042300236,114,PT02M28.00S,1,1610612743,DEN,1627750,Murray,J. Murray,-89,110,14,Missed,1,,,0,v,MISS Murray 14' Turnaround Jump Shot,Missed Shot,Turnaround Jump Shot,1,2,86,0042300236,2024-05-16
0042300236,114,PT02M28.00S,1,1610612750,MIN,1630183,McDaniels,J. McDaniels,0,0,0,,0,,,0,h,McDaniels BLOCK (1 BLK),,,1,2,87,0042300236,2024-05-16
0042300236,116,PT02M25.00S,1,1610612750,MIN,1630162,Edwards,A. Edwards,0,0,0,,0,,,0,h,Edwards REBOUND (Off:0 Def:2),Rebound,Unknown,1,0,88,0042300236,2024-05-16
0042300236,117,PT02M23.00S,1,1610612750,MIN,1630162,Edwards,A. Edwards,130,227,26,Made,1,29,11,40,h,Edwards 26' 3PT Running Pull-Up Jump Shot (14 PTS),Made Shot,Running Pull-Up Jump Shot,1,3,89,0042300236,2024-05-16
0042300236,118,PT02M06.00S,1,1610612743,DEN,203484,Caldwell-Pope,K. Caldwell-Pope,227,41,0,Made,1,29,14,43,v,Caldwell-Pope 3PT Jump Shot (3 PTS) (Murray 2 AST),Made Shot,Jump Shot,1,3,90,0042300236,2024-05-16
0042300236,120,PT01M48.00S,1,1610612750,MIN,1626157,Towns,K. Towns,-23,10,3,Made,1,31,14,45,h,Towns 3' Layup (4 PTS) (Alexander-Walker 1 AST),Made Shot,Layup Shot,1,2,91,0042300236,2024-05-16
0042300236,122,PT01M40.00S,1,1610612750,MIN,1626157,Towns,K. Towns,0,0,0,,0,,,0,h,Towns P.FOUL (P1.T2) (T.Ford),Foul,Personal,1,0,92,0042300236,2024-05-16
0042300236,124,PT01M40.00S,1,1610612743,DEN,1627750,Murray,J. Murray,0,0,0,,0,,,0,v,SUB: Jackson FOR Murray,Substitution,,0,0,93,0042300236,2024-05-16
0042300236,126,PT01M34.00S,1,1610612743,DEN,202704,Jackson,R. Jackson,-29,18,3,Missed,1,,,0,v,MISS Jackson 3' Driving Layup,Missed Shot,Driving Layup Shot,1,2,94,0042300236,2024-05-16
0042300236,127,PT01M30.00S,1,1610612750,MIN,1626157,Towns,K. Towns,0,0,0,,0,,,0,h,Towns REBOUND (Off:2 Def:4),Rebound,Unknown,1,0,95,0042300236,2024-05-16
0042300236,128,PT01M25.00S,1,1610612750,MIN,1630162,Edwards,A. Edwards,159,184,24,Missed,1,,,0,h,MISS Edwards 24' 3PT Step Back Jump Shot,Missed Shot,Step Back Jump shot,1,3,96,0042300236,2024-05-16
0042300236,129,PT01M22.00S,1,1610612743,DEN,203200,Holiday,J. Holiday,0,0,0,,0,,,0,v,Holiday REBOUND (Off:0 Def:1),Rebound,Unknown,1,0,97,0042300236,2024-05-16
0042300236,130,PT01M04.00S,1,1610612743,DEN,203484,Caldwell-Pope,K. Caldwell-Pope,229,58,24,Missed,1,,,0,v,MISS Caldwell-Pope 24' 3PT Jump Shot,Missed Shot,Jump Shot,1,3,98,0042300236,2024-05-16
0042300236,131,PT01M02.00S,1,1610612750,MIN,1626157,Towns,K. Towns,0,0,0,,0,,,0,h,Towns REBOUND (Off:2 Def:5),Rebound,Unknown,1,0,99,0042300236,2024-05-16
0042300236,132,PT00M44.90S,1,1610612750,MIN,1629675,Reid,N. Reid,157,190,25,Missed,1,,,0,h,MISS Reid 25' 3PT Jump Shot,Missed Shot,Jump Shot,1,3,100,0042300236,2024-05-16
0042300236,133,PT00M42.70S,1,1610612743,DEN,203484,Caldwell-Pope,K. Caldwell-Pope,0,0,0,,0,,,0,v,Caldwell-Pope REBOUND (Off:0 Def:2),Rebound,Unknown,1,0,101,0042300236,2024-05-16
0042300236,134,PT00M37.50S,1,1610612743,DEN,203200,Holiday,J. Holiday,38,23,4,Missed,1,,,0,v,MISS Holiday 4' Running Layup,Missed Shot,Running Layup Shot,1,2,102,0042300236,2024-05-16
0042300236,134,PT00M37.50S,1,1610612750,MIN,1630183,McDaniels,J. McDaniels,0,0,0,,0,,,0,h,McDaniels BLOCK (2 BLK),,,1,2,103,0042300236,2024-05-16
0042300236,136,PT00M35.10S,1,1610612750,MIN,1629675,Reid,N. Reid,0,0,0,,0,,,0,h,Reid REBOUND (Off:0 Def:1),Rebound,Unknown,1,0,104,0042300236,2024-05-16
0042300236,137,PT00M31.80S,1,1610612750,MIN,1629638,Alexander-Walker,N. Alexander-Walker,-212,116,24,Missed,1,,,0,h,MISS Alexander-Walker 24' 3PT Running Pull-Up Jump Shot,Missed Shot,Running Pull-Up Jump Shot,1,3,105,0042300236,2024-05-16
0042300236,138,PT00M29.70S,1,1610612743,DEN,1631128,Braun,C. Braun,0,0,0,,0,,,0,v,Braun REBOUND (Off:0 Def:1),Rebound,Unknown,1,0,106,0042300236,2024-05-16
0042300236,139,PT00M20.50S,1,1610612743,DEN,203999,Jokić,N. Jokić,22,46,5,Missed,1,,,0,v,MISS Jokic 5' Turnaround Hook Shot,Missed Shot,Turnaround Hook Shot,1,2,107,0042300236,2024-05-16
0042300236,140,PT00M17.60S,1,1610612750,MIN,1629675,Reid,N. Reid,0,0,0,,0,,,0,h,Reid REBOUND (Off:0 Def:2),Rebound,Unknown,1,0,108,0042300236,2024-05-16
0042300236,141,PT00M00.00S,1,0,,0,,,0,0,0,,0,31,14,45,,End of 1st Period (9:09 PM EST),period,end,1,0,109,0042300236,2024-05-16
0042300236,152,PT12M00.00S,2,0,,0,,,0,0,0,,0,31,14,45,,Start of 2nd Period (9:12 PM EST),period,start,0,0,110,0042300236,2024-05-16
0042300236,153,PT11M46.00S,2,1610612743,DEN,1629008,Porter Jr.,M. Porter Jr.,0,0,0,,0,,,0,v,Porter Jr. S.FOUL (P1.T1) (T.Ford),Foul,Shooting,1,0,111,0042300236,2024-05-16
0042300236,155,PT11M46.00S,2,1610612750,MIN,203937,Anderson,K. Anderson,0,0,0,,0,32,14,46,h,Anderson Free Throw 1 of 2 (1 PTS),Free Throw,Free Throw 1 of 2,1,0,112,0042300236,2024-05-16
0042300236,156,PT11M46.00S,2,1610612750,MIN,203937,Anderson,K. Anderson,0,0,0,,0,33,14,47,h,Anderson Free Throw 2 of 2 (2 PTS),Free Throw,Free Throw 2 of 2,1,0,113,0042300236,2024-05-16
0042300236,157,PT11M33.00S,2,1610612743,DEN,1627750,Murray,J. Murray,-9,35,4,Made,1,33,16,49,v,Murray 4' Driving Finger Roll Layup (2 PTS),Made Shot,Driving Finger Roll Layup Shot,1,2,114,0042300236,2024-05-16
0042300236,158,PT11M14.00S,2,1610612750,MIN,201144,Conley,M. Conley,12,90,9,Missed,1,,,0,h,MISS Conley 9' Driving Floating Jump Shot,Missed Shot,Driving Floating Jump Shot,1,2,115,0042300236,2024-05-16
0042300236,159,PT11M12.00S,2,1610612743,DEN,1631128,Braun,C. Braun,0,0,0,,0,,,0,v,Braun REBOUND (Off:0 Def:2),Rebound,Unknown,1,0,116,0042300236,2024-05-16
0042300236,160,PT10M57.00S,2,1610612743,DEN,203200,Holiday,J. Holiday,237,20,24,Missed,1,,,0,v,MISS Holiday 24' 3PT Jump Shot,Missed Shot,Jump Shot,1,3,117,0042300236,2024-05-16
0042300236,161,PT10M55.00S,2,1610612750,MIN,1629675,Reid,N. Reid,0,0,0,,0,,,0,h,Reid REBOUND (Off:0 Def:3),Rebound,Unknown,1,0,118,0042300236,2024-05-16
0042300236,162,PT10M43.00S,2,1610612750,MIN,1629675,Reid,N. Reid,-42,256,26,Missed,1,,,0,h,MISS Reid 26' 3PT Jump Shot,Missed Shot,Jump Shot,1,3,119,0042300236,2024-05-16
0042300236,163,PT10M38.00S,2,1610612743,DEN,1627750,Murray,J. Murray,0,0,0,,0,,,0,v,Murray REBOUND (Off:0 Def:1),Rebound,Unknown,1,0,120,0042300236,2024-05-16
0042300236,164,PT10M29.00S,2,1610612743,DEN,1629008,Porter Jr.,M. Porter Jr.,-154,196,25,Missed,1,,,0,v,MISS Porter Jr. 25' 3PT Jump Shot,Missed Shot,Jump Shot,1,3,121,0042300236,2024-05-16
0042300236,165,PT10M26.00S,2,1610612743,DEN,203999,Jokić,N. Jokić,0,0,0,,0,,,0,v,Jokic REBOUND (Off:1 Def:1),Rebound,Unknown,1,0,122,0042300236,2024-05-16
0042300236,166,PT10M23.00S,2,1610612743,DEN,203200,Holiday,J. Holiday,213,127,25,Missed,1,,,0,v,MISS Holiday 25' 3PT Jump Shot,Missed Shot,Jump Shot,1,3,123,0042300236,2024-05-16
0042300236,167,PT10M19.00S,2,1610612743,DEN,1629008,Porter Jr.,M. Porter Jr.,0,0,0,,0,,,0,v,Porter Jr. REBOUND (Off:1 Def:1),Rebound,Unknown,1,0,124,0042300236,2024-05-16
0042300236,168,PT10M10.00S,2,1610612743,DEN,203999,Jokić,N. Jokić,-21,29,4,Made,1,33,18,51,v,Jokic 4' Cutting Layup Shot (8 PTS) (Murray 3 AST),Made Shot,Cutting Layup Shot,1,2,125,0042300236,2024-05-16
0042300236,170,PT09M48.00S,2,1610612750,MIN,203937,Anderson,K. Anderson,-71,27,8,Missed,1,,,0,h,MISS Anderson 8' Turnaround Hook Shot,Missed Shot,Turnaround Hook Shot,1,2,126,0042300236,2024-05-16
0042300236,171,PT09M46.00S,2,1610612743,DEN,203999,Jokić,N. Jokić,0,0,0,,0,,,0,v,Jokic REBOUND (Off:1 Def:2),Rebound,Unknown,1,0,127,0042300236,2024-05-16
0042300236,172,PT09M41.00S,2,1610612743,DEN,1627750,Murray,J. Murray,78,254,27,Missed,1,,,0,v,MISS Murray 27' 3PT Jump Shot,Missed Shot,Jump Shot,1,3,128,0042300236,2024-05-16
0042300236,173,PT09M37.00S,2,1610612743,DEN,203999,Jokić,N. Jokić,0,0,0,,0,,,0,v,Jokic REBOUND (Off:2 Def:2),Rebound,Unknown,1,0,129,0042300236,2024-05-16
0042300236,174,PT09M32.00S,2,1610612743,DEN,203200,Holiday,J. Holiday,-152,201,25,Missed,1,,,0,v,MISS Holiday 25' 3PT Jump Shot,Missed Shot,Jump Shot,1,3,130,0042300236,2024-05-16
0042300236,175,PT09M30.00S,2,1610612743,DEN,203999,Jokić,N. Jokić,0,0,0,,0,,,0,v,Jokic REBOUND (Off:3 Def:2),Rebound,Unknown,1,0,131,0042300236,2024-05-16
0042300236,176,PT09M30.00S,2,1610612743,DEN,203999,Jokić,N. Jokić,-44,59,7,Made,1,33,20,53,v,Jokic 7' Driving Floating Jump Shot (10 PTS),Made Shot,Driving Floating Jump Shot,1,2,132,0042300236,2024-05-16
0042300236,177,PT09M30.00S,2,1610612750,MIN,1629638,Alexander-Walker,N. Alexander-Walker,0,0,0,,0,,,0,h,Alexander-Walker S.FOUL (P1.T1) (J.Williams),Foul,Shooting,1,0,133,0042300236,2024-05-16
0042300236,179,PT09M30.00S,2,1610612743,DEN,203999,Jokić,N. Jokić,0,0,0,,0,33,21,54,v,Jokic Free Throw 1 of 1 (11 PTS),Free Throw,Free Throw 1 of 1,1,0,134,0042300236,2024-05-16
0042300236,180,PT09M13.00S,2,1610612750,MIN,1629638,Alexander-Walker,N. Alexander-Walker,228,1,0,Missed,1,,,0,h,MISS Alexander-Walker 3PT Jump Shot,Missed Shot,Jump Shot,1,3,135,0042300236,2024-05-16
0042300236,181,PT09M11.00S,2,1610612743,DEN,1629008,Porter Jr.,M. Porter Jr.,0,0,0,,0,,,0,v,Porter Jr. REBOUND (Off:1 Def:2),Rebound,Unknown,1,0,136,0042300236,2024-05-16
0042300236,182,PT09M00.00S,2,1610612743,DEN,203999,Jokić,N. Jokić,-28,27,4,Missed,1,,,0,v,MISS Jokic 4' Driving Layup,Missed Shot,Driving Layup Shot,1,2,137,0042300236,2024-05-16
0042300236,183,PT08M57.00S,2,1610612750,MIN,1629675,Reid,N. Reid,0,0,0,,0,,,0,h,Reid REBOUND (Off:0 Def:4),Rebound,Unknown,1,0,138,0042300236,2024-05-16
0042300236,184,PT08M54.00S,2,1610612750,MIN,1629675,Reid,N. Reid,-31,26,4,Missed,1,,,0,h,MISS Reid 4' Running Layup,Missed Shot,Running Layup Shot,1,2,139,0042300236,2024-05-16
0042300236,185,PT08M53.00S,2,1610612750,MIN,203937,Anderson,K. Anderson,0,0,0,,0,,,0,h,Anderson REBOUND (Off:1 Def:0),Rebound,Unknown,1,0,140,0042300236,2024-05-16
0042300236,186,PT08M53.00S,2,1610612743,DEN,1631128,Braun,C. Braun,0,0,0,,0,,,0,v,Braun S.FOUL (P1.T2) (J.Williams),Foul,Shooting,1,0,141,0042300236,2024-05-16
0042300236,188,PT08M53.00S,2,1610612750,MIN,203937,Anderson,K. Anderson,0,0,0,,0,34,21,55,h,Anderson Free Throw 1 of 2 (3 PTS),Free Throw,Free Throw 1 of 2,1,0,142,0042300236,2024-05-16
0042300236,189,PT08M53.00S,2,1610612743,DEN,203999,Jokić,N. Jokić,0,0,0,,0,,,0,v,SUB: Gordon FOR Jokic,Substitution,,0,0,143,0042300236,2024-05-16
0042300236,191,PT08M53.00S,2,1610612750,MIN,203937,Anderson,K. Anderson,0,0,0,,0,35,21,56,h,Anderson Free Throw 2 of 2 (4 PTS),Free Throw,Free Throw 2 of 2,1,0,144,0042300236,2024-05-16
0042300236,192,PT08M32.00S,2,1610612743,DEN,203932,Gordon,A. Gordon,-50,248,25,Made,1,35,24,59,v,Gordon 25' 3PT Jump Shot (3 PTS) (Braun 1 AST),Made Shot,Jump Shot,1,3,145,0042300236,2024-05-16
0042300236,194,PT08M14.00S,2,1610612743,DEN,1629008,Porter Jr.,M. Porter Jr.,0,0,0,,0,,,0,v,Porter Jr. P.FOUL (P2.T3) (M.Davis),Foul,Personal,1,0,146,0042300236,2024-05-16
0042300236,196,PT08M14.00S,2,1610612750,MIN,1629638,Alexander-Walker,N. Alexander-Walker,0,0,0,,0,,,0,h,SUB: Edwards FOR Alexander-Walker,Substitution,,0,0,147,0042300236,2024-05-16
0042300236,198,PT08M02.00S,2,1610612743,DEN,1631128,Braun,C. Braun,0,0,0,,0,,,0,v,Braun S.FOUL (P2.T4) (M.Davis),Foul,Shooting,1,0,148,0042300236,2024-05-16
0042300236,200,PT08M02.00S,2,1610612750,MIN,1630162,Edwards,A. Edwards,0,0,0,,0,36,24,60,h,Edwards Free Throw 1 of 2 (15 PTS),Free Throw,Free Throw 1 of 2,1,0,149,0042300236,2024-05-16
0042300236,201,PT08M02.00S,2,1610612750,MIN,1630162,Edwards,A. Edwards,0,0,0,,0,37,24,61,h,Edwards Free Throw 2 of 2 (16 PTS),Free Throw,Free Throw 2 of 2,1,0,150,0042300236,2024-05-16
0042300236,202,PT07M44.00S,2,1610612743,DEN,203932,Gordon,A. Gordon,-55,113,13,Missed,1,,,0,v,MISS Gordon 13' Fadeaway Jumper,Missed Shot,Fadeaway Jump Shot,1,2,151,0042300236,2024-05-16
0042300236,203,PT07M41.00S,2,1610612750,MIN,1629675,Reid,N. Reid,0,0,0,,0,,,0,h,Reid REBOUND (Off:0 Def:5),Rebound,Unknown,1,0,152,0042300236,2024-05-16
0042300236,204,PT07M31.00S,2,1610612750,MIN,1629675,Reid,N. Reid,4,57,6,Missed,1,,,0,h,MISS Reid 6' Driving Floating Jump Shot,Missed Shot,Driving Floating Jump Shot,1,2,153,0042300236,2024-05-16
0042300236,205,PT07M29.00S,2,1610612750,MIN,1629675,Reid,N. Reid,0,0,0,,0,,,0,h,Reid REBOUND (Off:1 Def:5),Rebound,Unknown,1,0,154,0042300236,2024-05-16
0042300236,206,PT07M29.00S,2,1610612750,MIN,1629675,Reid,N. Reid,0,0,0,Made,1,39,24,63,h,Reid Tip Layup Shot (2 PTS),Made Shot,Tip Layup Shot,1,2,155,0042300236,2024-05-16
0042300236,207,PT07M20.00S,2,1610612743,DEN,203932,Gordon,A. Gordon,-195,158,25,Missed,1,,,0,v,MISS Gordon 25' 3PT Jump Shot,Missed Shot,Jump Shot,1,3,156,0042300236,2024-05-16
0042300236,208,PT07M18.00S,2,1610612750,MIN,1629675,Reid,N. Reid,0,0,0,,0,,,0,h,Reid REBOUND (Off:1 Def:6),Rebound,Unknown,1,0,157,0042300236,2024-05-16
0042300236,209,PT07M00.00S,2,1610612750,MIN,1629675,Reid,N. Reid,36,31,5,Made,1,41,24,65,h,Reid 5' Driving Layup (4 PTS) (Anderson 1 AST),Made Shot,Driving Layup Shot,1,2,158,0042300236,2024-05-16
0042300236,211,PT07M00.00S,2,1610612743,DEN,203200,Holiday,J. Holiday,0,0,0,,0,,,0,v,Holiday Violation:Defensive Goaltending (T.Ford),Violation,Defensive Goaltending,1,0,159,0042300236,2024-05-16
0042300236,212,PT06M48.00S,2,1610612743,DEN,1627750,Murray,J. Murray,51,13,5,Missed,1,,,0,v,MISS Murray 5' Driving Finger Roll Layup,Missed Shot,Driving Finger Roll Layup Shot,1,2,160,0042300236,2024-05-16
0042300236,213,PT06M46.00S,2,1610612750,MIN,203497,Gobert,R. Gobert,0,0,0,,0,,,0,h,Gobert REBOUND (Off:1 Def:7),Rebound,Unknown,1,0,161,0042300236,2024-05-16
0042300236,214,PT06M31.00S,2,1610612750,MIN,1629675,Reid,N. Reid,2,59,6,Made,1,43,24,67,h,Reid 6' Driving Hook Shot (6 PTS),Made Shot,Driving Hook Shot,1,2,162,0042300236,2024-05-16
0042300236,215,PT06M30.00S,2,0,,1610612743,,,0,0,0,,0,,,0,v,Nuggets Timeout: Regular (Reg.3 Short 0),Timeout,Regular,0,0,163,0042300236,2024-05-16
0042300236,216,PT06M30.00S,2,1610612750,MIN,201144,Conley,M. Conley,0,0,0,,0,,,0,h,SUB: McDaniels FOR Conley,Substitution,,0,0,164,0042300236,2024-05-16
0042300236,217,PT06M30.00S,2,1610612750,MIN,203497,Gobert,R. Gobert,0,0,0,,0,,,0,h,SUB: Towns FOR Gobert,Substitution,,0,0,165,0042300236,2024-05-16
0042300236,218,PT06M30.00S,2,1610612743,DEN,1631128,Braun,C. Braun,0,0,0,,0,,,0,v,SUB: Caldwell-Pope FOR Braun,Substitution,,0,0,166,0042300236,2024-05-16
0042300236,219,PT06M30.00S,2,1610612743,DEN,203200,Holiday,J. Holiday,0,0,0,,0,,,0,v,SUB: Jokic FOR Holiday,Substitution,,0,0,167,0042300236,2024-05-16
0042300236,224,PT06M17.00S,2,1610612743,DEN,1627750,Murray,J. Murray,-48,248,25,Missed,1,,,0,v,MISS Murray 25' 3PT Jump Shot,Missed Shot,Jump Shot,1,3,168,0042300236,2024-05-16
0042300236,225,PT06M14.00S,2,1610612750,MIN,1630183,McDaniels,J. McDaniels,0,0,0,,0,,,0,h,McDaniels REBOUND (Off:1 Def:1),Rebound,Unknown,1,0,169,0042300236,2024-05-16
0042300236,226,PT05M59.00S,2,1610612750,MIN,1630162,Edwards,A. Edwards,-225,8,0,Made,1,46,24,70,h,Edwards 3PT Step Back Jump Shot (19 PTS) (Anderson 2 AST),Made Shot,Step Back Jump shot,1,3,170,0042300236,2024-05-16
0042300236,227,PT05M38.00S,2,1610612743,DEN,1627750,Murray,J. Murray,-22,74,8,Missed,1,,,0,v,MISS Murray 8' Driving Finger Roll Layup,Missed Shot,Driving Finger Roll Layup Shot,1,2,171,0042300236,2024-05-16
0042300236,229,PT05M36.00S,2,1610612750,MIN,1629675,Reid,N. Reid,0,0,0,,0,,,0,h,Reid REBOUND (Off:1 Def:7),Rebound,Unknown,1,0,172,0042300236,2024-05-16
0042300236,230,PT05M27.00S,2,1610612750,MIN,1626157,Towns,K. Towns,-173,177,25,Missed,1,,,0,h,MISS Towns 25' 3PT Jump Shot,Missed Shot,Jump Shot,1,3,173,0042300236,2024-05-16
0042300236,231,PT05M25.00S,2,1610612750,MIN,203937,Anderson,K. Anderson,0,0,0,,0,,,0,h,Anderson REBOUND (Off:2 Def:0),Rebound,Unknown,1,0,174,0042300236,2024-05-16
0042300236,232,PT05M24.00S,2,1610612750,MIN,203937,Anderson,K. Anderson,0,0,0,,0,,,0,h,Anderson Out of Bounds - Bad Pass Turnover Turnover (P1.T2),Turnover,Out of Bounds - Bad Pass Turnover,1,0,175,0042300236,2024-05-16
0042300236,233,PT05M24.00S,2,1610612743,DEN,1627750,Murray,J. Murray,0,0,0,,0,,,0,v,SUB: Jackson FOR Murray,Substitution,,0,0,176,0042300236,2024-05-16
0042300236,235,PT05M13.00S,2,1610612743,DEN,1629008,Porter Jr.,M. Porter Jr.,0,0,0,,0,,,0,v,Porter Jr. Lost Ball Turnover (P2.T5),Turnover,Lost Ball,1,0,177,0042300236,2024-05-16
0042300236,235,PT05M13.00S,2,1610612750,MIN,203937,Anderson,K. Anderson,0,0,0,,0,,,0,h,Anderson STEAL (1 STL),,,1,0,178,0042300236,2024-05-16
0042300236,237,PT05M07.00S,2,1610612750,MIN,203937,Anderson,K. Anderson,71,68,10,Missed,1,,,0,h,MISS Anderson 10' Running Layup,Missed Shot,Running Layup Shot,1,2,179,0042300236,2024-05-16
0042300236,238,PT05M06.00S,2,1610612750,MIN,1626157,Towns,K. Towns,0,0,0,,0,,,0,h,Towns REBOUND (Off:3 Def:5),Rebound,Unknown,1,0,180,0042300236,2024-05-16
0042300236,239,PT05M06.00S,2,1610612750,MIN,1626157,Towns,K. Towns,0,0,0,Missed,1,,,0,h,MISS Towns Tip Layup Shot,Missed Shot,Tip Layup Shot,1,2,181,0042300236,2024-05-16
0042300236,240,PT05M04.00S,2,1610612750,MIN,1626157,Towns,K. Towns,0,0,0,,0,,,0,h,Towns REBOUND (Off:4 Def:5),Rebound,Unknown,1,0,182,0042300236,2024-05-16
0042300236,241,PT05M03.00S,2,1610612750,MIN,1626157,Towns,K. Towns,2,14,1,Made,1,48,24,72,h,Towns 1' Putback Layup (6 PTS),Made Shot,Putback Layup Shot,1,2,183,0042300236,2024-05-16
0042300236,242,PT04M51.00S,2,1610612743,DEN,202704,Jackson,R. Jackson,-163,186,25,Missed,1,,,0,v,MISS Jackson 25' 3PT Jump Shot,Missed Shot,Jump Shot,1,3,184,0042300236,2024-05-16
0042300236,243,PT04M49.00S,2,1610612750,MIN,1629675,Reid,N. Reid,0,0,0,,0,,,0,h,Reid REBOUND (Off:1 Def:8),Rebound,Unknown,1,0,185,0042300236,2024-05-16
0042300236,244,PT04M29.00S,2,1610612750,MIN,1626157,Towns,K. Towns,-232,-4,0,Missed,1,,,0,h,MISS Towns 3PT Jump Shot,Missed Shot,Jump Shot,1,3,186,0042300236,2024-05-16
0042300236,245,PT04M27.00S,2,1610612743,DEN,203932,Gordon,A. Gordon,0,0,0,,0,,,0,v,Gordon REBOUND (Off:0 Def:4),Rebound,Unknown,1,0,187,0042300236,2024-05-16
0042300236,246,PT04M22.00S,2,1610612750,MIN,1626157,Towns,K. Towns,0,0,0,,0,,,0,h,Towns S.FOUL (P2.T2) (M.Davis),Foul,Shooting,1,0,188,0042300236,2024-05-16
0042300236,248,PT04M22.00S,2,1610612743,DEN,203932,Gordon,A. Gordon,0,0,0,,0,48,25,73,v,Gordon Free Throw 1 of 2 (4 PTS),Free Throw,Free Throw 1 of 2,1,0,189,0042300236,2024-05-16
0042300236,249,PT04M22.00S,2,1610612750,MIN,203937,Anderson,K. Anderson,0,0,0,,0,,,0,h,SUB: Conley FOR Anderson,Substitution,,0,0,190,0042300236,2024-05-16
0042300236,251,PT04M22.00S,2,1610612743,DEN,203932,Gordon,A. Gordon,0,0,0,,0,48,26,74,v,Gordon Free Throw 2 of 2 (5 PTS),Free Throw,Free Throw 2 of 2,1,0,191,0042300236,2024-05-16
0042300236,252,PT04M05.00S,2,1610612750,MIN,1630162,Edwards,A. Edwards,0,0,0,,0,,,0,h,Edwards Step Out of Bounds Turnover (P1.T3),Turnover,Step Out of Bounds Turnover,1,0,192,0042300236,2024-05-16
0042300236,253,PT03M54.00S,2,1610612743,DEN,1629008,Porter Jr.,M. Porter Jr.,33,32,5,Made,1,48,28,76,v,Porter Jr. 5' Driving Layup (7 PTS) (Jokic 1 AST),Made Shot,Driving Layup Shot,1,2,193,0042300236,2024-05-16
0042300236,255,PT03M54.00S,2,1610612750,MIN,1629675,Reid,N. Reid,0,0,0,,0,,,0,h,Reid S.FOUL (P1.T3) (T.Ford),Foul,Shooting,1,0,194,0042300236,2024-05-16
0042300236,257,PT03M54.00S,2,1610612750,MIN,1629675,Reid,N. Reid,0,0,0,,0,,,0,h,SUB: Gobert FOR Reid,Substitution,,0,0,195,0042300236,2024-05-16
0042300236,259,PT03M54.00S,2,1610612743,DEN,1629008,Porter Jr.,M. Porter Jr.,0,0,0,,0,48,29,77,v,Porter Jr. Free Throw 1 of 1 (8 PTS),Free Throw,Free Throw 1 of 1,1,0,196,0042300236,2024-05-16
0042300236,260,PT03M42.00S,2,1610612750,MIN,201144,Conley,M. Conley,-214,109,24,Made,1,51,29,80,h,Conley 24' 3PT Pullup Jump Shot (5 PTS) (Gobert 1 AST),Made Shot,Pullup Jump shot,1,3,197,0042300236,2024-05-16
0042300236,262,PT03M29.00S,2,1610612750,MIN,203497,Gobert,R. Gobert,0,0,0,,0,,,0,h,TIMBERWOLVES T.Foul (Def. 3 Sec Gobert ) (M.Davis),Foul,Defense 3 Second,1,0,198,0042300236,2024-05-16
0042300236,263,PT03M29.00S,2,1610612743,DEN,203484,Caldwell-Pope,K. Caldwell-Pope,0,0,0,,0,51,30,81,v,Caldwell-Pope Free Throw Technical (4 PTS),Free Throw,Free Throw Technical,1,0,199,0042300236,2024-05-16
0042300236,266,PT03M29.00S,2,1610612743,DEN,202704,Jackson,R. Jackson,0,0,0,,0,,,0,v,SUB: Murray FOR Jackson,Substitution,,0,0,200,0042300236,2024-05-16
0042300236,267,PT03M24.00S,2,1610612743,DEN,203999,Jokić,N. Jokić,21,246,25,Missed,1,,,0,v,MISS Jokic 25' 3PT Jump Shot,Missed Shot,Jump Shot,1,3,201,0042300236,2024-05-16
0042300236,268,PT03M20.00S,2,1610612750,MIN,201144,Conley,M. Conley,0,0,0,,0,,,0,h,Conley REBOUND (Off:0 Def:1),Rebound,Unknown,1,0,202,0042300236,2024-05-16
0042300236,269,PT03M05.00S,2,1610612743,DEN,1627750,Murray,J. Murray,0,0,0,,0,,,0,v,Murray S.FOUL (P1.PN) (J.Williams),Foul,Shooting,1,0,203,0042300236,2024-05-16
0042300236,271,PT03M05.00S,2,1610612750,MIN,1630183,McDaniels,J. McDaniels,0,0,0,,0,52,30,82,h,McDaniels Free Throw 1 of 2 (8 PTS),Free Throw,Free Throw 1 of 2,1,0,204,0042300236,2024-05-16
0042300236,272,PT03M05.00S,2,1610612750,MIN,1630183,McDaniels,J. McDaniels,0,0,0,,0,53,30,83,h,McDaniels Free Throw 2 of 2 (9 PTS),Free Throw,Free Throw 2 of 2,1,0,205,0042300236,2024-05-16
0042300236,273,PT02M48.00S,2,1610612743,DEN,203932,Gordon,A. Gordon,235,26,24,Made,1,53,33,86,v,Gordon 24' 3PT Jump Shot (8 PTS) (Porter Jr. 1 AST),Made Shot,Jump Shot,1,3,206,0042300236,2024-05-16
0042300236,275,PT02M32.00S,2,1610612750,MIN,201144,Conley,M. Conley,-141,155,21,Made,1,55,33,88,h,Conley 21' Pullup Jump Shot (7 PTS) (Edwards 1 AST),Made Shot,Pullup Jump shot,1,2,207,0042300236,2024-05-16
0042300236,277,PT02M22.00S,2,1610612743,DEN,203484,Caldwell-Pope,K. Caldwell-Pope,-71,252,26,Missed,1,,,0,v,MISS Caldwell-Pope 26' 3PT Jump Shot,Missed Shot,Jump Shot,1,3,208,0042300236,2024-05-16
0042300236,278,PT02M21.00S,2,1610612750,MIN,1626157,Towns,K. Towns,0,0,0,,0,,,0,h,Towns REBOUND (Off:4 Def:6),Rebound,Unknown,1,0,209,0042300236,2024-05-16
0042300236,279,PT02M12.00S,2,1610612750,MIN,203497,Gobert,R. Gobert,0,0,0,,0,,,0,h,Gobert OFF.Foul (P1) (T.Ford),Foul,Offensive,1,0,210,0042300236,2024-05-16
0042300236,281,PT02M12.00S,2,1610612750,MIN,203497,Gobert,R. Gobert,0,0,0,,0,,,0,h,Gobert Offensive Foul Turnover (P1.T4),Turnover,Offensive Foul Turnover,1,0,211,0042300236,2024-05-16
0042300236,282,PT02M12.00S,2,0,,1610612750,,,0,0,0,,0,,,0,h,TIMBERWOLVES Timeout: Regular (Full 2 Short 0),Timeout,Regular,0,0,212,0042300236,2024-05-16
0042300236,283,PT02M05.00S,2,1610612743,DEN,203999,Jokić,N. Jokić,0,0,0,,0,,,0,v,Jokic Bad Pass Turnover (P2.T6),Turnover,Bad Pass,1,0,213,0042300236,2024-05-16
0042300236,283,PT02M05.00S,2,1610612750,MIN,1630162,Edwards,A. Edwards,0,0,0,,0,,,0,h,Edwards STEAL (1 STL),,,1,0,214,0042300236,2024-05-16
0042300236,285,PT01M53.00S,2,1610612750,MIN,201144,Conley,M. Conley,-227,56,0,Missed,1,,,0,h,MISS Conley 3PT Step Back Jump Shot,Missed Shot,Step Back Jump shot,1,3,215,0042300236,2024-05-16
0042300236,286,PT01M51.00S,2,0,,1610612750,,,0,0,0,,0,,,0,h,TIMBERWOLVES Rebound,Rebound,Unknown,1,0,216,0042300236,2024-05-16
0042300236,289,PT01M43.00S,2,1610612750,MIN,1630183,McDaniels,J. McDaniels,-43,15,5,Made,1,57,33,90,h,McDaniels 5' Driving Layup (11 PTS) (Towns 4 AST),Made Shot,Driving Layup Shot,1,2,217,0042300236,2024-05-16
0042300236,291,PT01M36.00S,2,1610612743,DEN,203999,Jokić,N. Jokić,69,52,9,Made,1,57,35,92,v,Jokic 9' Cutting Layup Shot (13 PTS) (Caldwell-Pope 3 AST),Made Shot,Cutting Layup Shot,1,2,218,0042300236,2024-05-16
0042300236,293,PT01M36.00S,2,1610612750,MIN,1626157,Towns,K. Towns,0,0,0,,0,,,0,h,Towns S.FOUL (P3.T4) (M.Davis),Foul,Shooting,1,0,219,0042300236,2024-05-16
0042300236,295,PT01M36.00S,2,1610612750,MIN,1626157,Towns,K. Towns,0,0,0,,0,,,0,h,SUB: Reid FOR Towns,Substitution,,0,0,220,0042300236,2024-05-16
0042300236,297,PT01M36.00S,2,1610612743,DEN,203999,Jokić,N. Jokić,0,0,0,,0,57,36,93,v,Jokic Free Throw 1 of 1 (14 PTS),Free Throw,Free Throw 1 of 1,1,0,221,0042300236,2024-05-16
0042300236,298,PT01M17.00S,2,1610612750,MIN,1630162,Edwards,A. Edwards,-50,22,5,Missed,1,,,0,h,MISS Edwards 5' Driving Layup,Missed Shot,Driving Layup Shot,1,2,222,0042300236,2024-05-16
0042300236,299,PT01M16.00S,2,1610612750,MIN,203497,Gobert,R. Gobert,0,0,0,,0,,,0,h,Gobert REBOUND (Off:2 Def:7),Rebound,Unknown,1,0,223,0042300236,2024-05-16
0042300236,300,PT01M16.00S,2,1610612750,MIN,203497,Gobert,R. Gobert,0,0,0,Missed,1,,,0,h,MISS Gobert Tip Dunk Shot,Missed Shot,Tip Dunk Shot,1,2,224,0042300236,2024-05-16
0042300236,300,PT01M16.00S,2,1610612743,DEN,203932,Gordon,A. Gordon,0,0,0,,0,,,0,v,Gordon BLOCK (3 BLK),,,1,2,225,0042300236,2024-05-16
0042300236,301,PT01M14.00S,2,1610612743,DEN,203932,Gordon,A. Gordon,0,0,0,,0,,,0,v,Gordon REBOUND (Off:0 Def:5),Rebound,Unknown,1,0,226,0042300236,2024-05-16
0042300236,302,PT00M58.70S,2,1610612750,MIN,1630162,Edwards,A. Edwards,0,0,0,,0,,,0,h,Edwards P.FOUL (P1.PN) (T.Ford),Foul,Personal,1,0,227,0042300236,2024-05-16
0042300236,304,PT00M58.70S,2,1610612743,DEN,203484,Caldwell-Pope,K. Caldwell-Pope,0,0,0,,0,57,37,94,v,Caldwell-Pope Free Throw 1 of 2 (5 PTS),Free Throw,Free Throw 1 of 2,1,0,228,0042300236,2024-05-16
0042300236,305,PT00M58.70S,2,1610612743,DEN,203484,Caldwell-Pope,K. Caldwell-Pope,0,0,0,,0,57,38,95,v,Caldwell-Pope Free Throw 2 of 2 (6 PTS),Free Throw,Free Throw 2 of 2,1,0,229,0042300236,2024-05-16
0042300236,306,PT00M50.30S,2,1610612750,MIN,201144,Conley,M. Conley,-47,253,26,Missed,1,,,0,h,MISS Conley 26' 3PT Jump Shot,Missed Shot,Jump Shot,1,3,230,0042300236,2024-05-16
0042300236,307,PT00M47.80S,2,1610612743,DEN,1629008,Porter Jr.,M. Porter Jr.,0,0,0,,0,,,0,v,Porter Jr. REBOUND (Off:1 Def:3),Rebound,Unknown,1,0,231,0042300236,2024-05-16
0042300236,308,PT00M33.80S,2,1610612743,DEN,203999,Jokić,N. Jokić,20,78,8,Made,1,57,40,97,v,Jokic 8' Turnaround Hook Shot (16 PTS) (Gordon 3 AST),Made Shot,Turnaround Hook Shot,1,2,232,0042300236,2024-05-16
0042300236,310,PT00M15.50S,2,1610612750,MIN,1630183,McDaniels,J. McDaniels,-179,167,24,Missed,1,,,0,h,MISS McDaniels 24' 3PT Jump Shot,Missed Shot,Jump Shot,1,3,233,0042300236,2024-05-16
0042300236,311,PT00M11.70S,2,1610612743,DEN,203932,Gordon,A. Gordon,0,0,0,,0,,,0,v,Gordon REBOUND (Off:0 Def:6),Rebound,Unknown,1,0,234,0042300236,2024-05-16
0042300236,312,PT00M10.20S,2,1610612743,DEN,203932,Gordon,A. Gordon,0,0,0,,0,,,0,v,Gordon Bad Pass Turnover (P2.T7),Turnover,Bad Pass,1,0,235,0042300236,2024-05-16
0042300236,312,PT00M10.20S,2,1610612750,MIN,1630162,Edwards,A. Edwards,0,0,0,,0,,,0,h,Edwards STEAL (2 STL),,,1,0,236,0042300236,2024-05-16
0042300236,314,PT00M02.20S,2,1610612750,MIN,1629675,Reid,N. Reid,-138,195,24,Missed,1,,,0,h,MISS Reid 24' 3PT Jump Shot,Missed Shot,Jump Shot,1,3,237,0042300236,2024-05-16
0042300236,315,PT00M02.20S,2,1610612750,MIN,1630183,McDaniels,J. McDaniels,0,0,0,,0,,,0,h,McDaniels REBOUND (Off:2 Def:1),Rebound,Unknown,1,0,238,0042300236,2024-05-16
0042300236,316,PT00M00.00S,2,1610612750,MIN,1630183,McDaniels,J. McDaniels,0,0,0,Made,1,59,40,99,h,McDaniels Tip Layup Shot (13 PTS),Made Shot,Tip Layup Shot,1,2,239,0042300236,2024-05-16
0042300236,317,PT00M00.00S,2,0,,316,Manning,R. Manning,0,0,0,,0,59,40,99,,Instant Replay2nd Period (9:43 PM EST),Instant Replay,Support Ruling,0,0,240,0042300236,2024-05-16
0042300236,318,PT00M00.00S,2,0,,0,,,0,0,0,,0,59,40,99,,End of 2nd Period (9:43 PM EST),period,end,1,0,241,0042300236,2024-05-16
0042300236,322,PT12M00.00S,3,0,,0,,,0,0,0,,0,59,40,99,,Start of 3rd Period (9:59 PM EST),period,start,0,0,242,0042300236,2024-05-16
0042300236,323,PT11M46.00S,3,1610612743,DEN,1629008,Porter Jr.,M. Porter Jr.,0,0,0,,0,,,0,v,Porter Jr. S.FOUL (P3.T1) (M.Davis),Foul,Shooting,1,0,243,0042300236,2024-05-16
0042300236,325,PT11M46.00S,3,1610612750,MIN,203497,Gobert,R. Gobert,0,0,0,,0,,,0,h,MISS Gobert Free Throw 1 of 2,Free Throw,Free Throw 1 of 2,1,0,244,0042300236,2024-05-16
0042300236,326,PT11M46.00S,3,0,,1610612750,,,0,0,0,,0,,,0,h,TIMBERWOLVES Rebound,Rebound,Normal Rebound,1,0,245,0042300236,2024-05-16
0042300236,327,PT11M46.00S,3,1610612750,MIN,203497,Gobert,R. Gobert,0,0,0,,0,,,0,h,MISS Gobert Free Throw 2 of 2,Free Throw,Free Throw 2 of 2,1,0,246,0042300236,2024-05-16
0042300236,328,PT11M44.00S,3,1610612743,DEN,1629008,Porter Jr.,M. Porter Jr.,0,0,0,,0,,,0,v,Porter Jr. REBOUND (Off:1 Def:4),Rebound,Unknown,1,0,247,0042300236,2024-05-16
0042300236,329,PT11M31.00S,3,1610612743,DEN,203999,Jokić,N. Jokić,108,220,25,Missed,1,,,0,v,MISS Jokic 25' 3PT Jump Shot,Missed Shot,Jump Shot,1,3,248,0042300236,2024-05-16
0042300236,330,PT11M27.00S,3,1610612750,MIN,201144,Conley,M. Conley,0,0,0,,0,,,0,h,Conley REBOUND (Off:0 Def:2),Rebound,Unknown,1,0,249,0042300236,2024-05-16
0042300236,331,PT11M11.00S,3,1610612750,MIN,1630162,Edwards,A. Edwards,-118,60,13,Missed,1,,,0,h,MISS Edwards 13' Driving Floating Bank Jump Shot,Missed Shot,Driving Floating Bank Jump Shot,1,2,250,0042300236,2024-05-16
0042300236,332,PT11M10.00S,3,0,,1610612743,,,0,0,0,,0,,,0,v,Nuggets Rebound,Rebound,Unknown,1,0,251,0042300236,2024-05-16
0042300236,334,PT11M01.00S,3,1610612743,DEN,1627750,Murray,J. Murray,-115,218,25,Missed,1,,,0,v,MISS Murray 25' 3PT Jump Shot,Missed Shot,Jump Shot,1,3,252,0042300236,2024-05-16
0042300236,335,PT10M57.00S,3,1610612750,MIN,1626157,Towns,K. Towns,0,0,0,,0,,,0,h,Towns REBOUND (Off:4 Def:7),Rebound,Unknown,1,0,253,0042300236,2024-05-16
0042300236,336,PT10M45.00S,3,1610612750,MIN,1630183,McDaniels,J. McDaniels,-5,12,1,Made,1,61,40,101,h,McDaniels 1' Driving Dunk (15 PTS) (Conley 3 AST),Made Shot,Driving Dunk Shot,1,2,254,0042300236,2024-05-16
0042300236,338,PT10M26.00S,3,1610612743,DEN,203932,Gordon,A. Gordon,-2,8,1,Made,1,61,42,103,v,Gordon 1' Dunk (10 PTS) (Murray 4 AST),Made Shot,Dunk Shot,1,2,255,0042300236,2024-05-16
0042300236,340,PT10M09.00S,3,1610612750,MIN,1630183,McDaniels,J. McDaniels,-224,41,0,Made,1,64,42,106,h,McDaniels 3PT Jump Shot (18 PTS) (Conley 4 AST),Made Shot,Jump Shot,1,3,256,0042300236,2024-05-16
0042300236,342,PT09M57.00S,3,1610612743,DEN,203999,Jokić,N. Jokić,0,0,0,,0,,,0,v,Jokic Lost Ball Turnover (P3.T8),Turnover,Lost Ball,1,0,257,0042300236,2024-05-16
0042300236,342,PT09M57.00S,3,1610612750,MIN,1630162,Edwards,A. Edwards,0,0,0,,0,,,0,h,Edwards STEAL (3 STL),,,1,0,258,0042300236,2024-05-16
0042300236,344,PT09M51.00S,3,1610612750,MIN,1630162,Edwards,A. Edwards,7,13,1,Made,1,66,42,108,h,Edwards 1' Running Dunk (21 PTS),Made Shot,Running Dunk Shot,1,2,259,0042300236,2024-05-16
0042300236,345,PT09M51.00S,3,0,,1610612743,,,0,0,0,,0,,,0,v,Nuggets Timeout: Regular (Reg.4 Short 0),Timeout,Regular,0,0,260,0042300236,2024-05-16
0042300236,346,PT09M38.00S,3,1610612743,DEN,1629008,Porter Jr.,M. Porter Jr.,2,176,18,Missed,1,,,0,v,MISS Porter Jr. 18' Pullup Jump Shot,Missed Shot,Pullup Jump shot,1,2,261,0042300236,2024-05-16
0042300236,347,PT09M35.00S,3,1610612750,MIN,201144,Conley,M. Conley,0,0,0,,0,,,0,h,Conley REBOUND (Off:0 Def:3),Rebound,Unknown,1,0,262,0042300236,2024-05-16
0042300236,348,PT09M17.00S,3,1610612743,DEN,1629008,Porter Jr.,M. Porter Jr.,0,0,0,,0,,,0,v,Porter Jr. S.FOUL (P4.T2) (T.Ford),Foul,Shooting,1,0,263,0042300236,2024-05-16
0042300236,350,PT09M17.00S,3,0,,1610612750,,,0,0,0,,0,,,0,h,TIMBERWOLVES Timeout: Regular (Full 3 Short 0),Timeout,Regular,0,0,264,0042300236,2024-05-16
0042300236,351,PT09M17.00S,3,1610612750,MIN,1630162,Edwards,A. Edwards,0,0,0,,0,,,0,h,MISS Edwards Free Throw 1 of 2,Free Throw,Free Throw 1 of 2,1,0,265,0042300236,2024-05-16
0042300236,352,PT09M17.00S,3,0,,1610612750,,,0,0,0,,0,,,0,h,TIMBERWOLVES Rebound,Rebound,Normal Rebound,0,0,266,0042300236,2024-05-16
0042300236,353,PT09M17.00S,3,1610612750,MIN,1630162,Edwards,A. Edwards,0,0,0,,0,67,42,109,h,Edwards Free Throw 2 of 2 (22 PTS),Free Throw,Free Throw 2 of 2,1,0,267,0042300236,2024-05-16
0042300236,354,PT09M05.00S,3,1610612750,MIN,1630162,Edwards,A. Edwards,0,0,0,,0,,,0,h,Edwards P.FOUL (P2.T1) (T.Ford),Foul,Personal,1,0,268,0042300236,2024-05-16
0042300236,357,PT08M50.00S,3,1610612743,DEN,203484,Caldwell-Pope,K. Caldwell-Pope,-224,0,0,Made,1,67,45,112,v,Caldwell-Pope 3PT Jump Shot (9 PTS) (Murray 5 AST),Made Shot,Jump Shot,1,3,269,0042300236,2024-05-16
0042300236,359,PT08M28.00S,3,1610612750,MIN,203497,Gobert,R. Gobert,2,7,1,Made,1,69,45,114,h,Gobert 1' Cutting Dunk Shot (6 PTS) (McDaniels 1 AST),Made Shot,Cutting Dunk Shot,1,2,270,0042300236,2024-05-16
0042300236,361,PT08M10.00S,3,1610612743,DEN,203484,Caldwell-Pope,K. Caldwell-Pope,228,57,24,Missed,1,,,0,v,MISS Caldwell-Pope 24' 3PT Step Back Jump Shot,Missed Shot,Step Back Jump shot,1,3,271,0042300236,2024-05-16
0042300236,362,PT08M08.00S,3,1610612743,DEN,203484,Caldwell-Pope,K. Caldwell-Pope,0,0,0,,0,,,0,v,Caldwell-Pope REBOUND (Off:1 Def:2),Rebound,Unknown,1,0,272,0042300236,2024-05-16
0042300236,363,PT08M06.00S,3,1610612743,DEN,1627750,Murray,J. Murray,-195,145,24,Made,1,69,48,117,v,Murray 24' 3PT Jump Shot (5 PTS) (Gordon 4 AST),Made Shot,Jump Shot,1,3,273,0042300236,2024-05-16
0042300236,365,PT07M41.00S,3,1610612750,MIN,1630162,Edwards,A. Edwards,-55,302,31,Missed,1,,,0,h,MISS Edwards 31' 3PT Jump Shot,Missed Shot,Jump Shot,1,3,274,0042300236,2024-05-16
0042300236,366,PT07M38.00S,3,1610612743,DEN,203932,Gordon,A. Gordon,0,0,0,,0,,,0,v,Gordon REBOUND (Off:0 Def:7),Rebound,Unknown,1,0,275,0042300236,2024-05-16
0042300236,367,PT07M36.00S,3,1610612750,MIN,1630183,McDaniels,J. McDaniels,0,0,0,,0,,,0,h,McDaniels P.FOUL (P1.T2) (T.Ford),Foul,Personal,1,0,276,0042300236,2024-05-16
0042300236,370,PT07M27.00S,3,1610612743,DEN,1627750,Murray,J. Murray,78,61,10,Missed,1,,,0,v,MISS Murray 10' Driving Floating Jump Shot,Missed Shot,Driving Floating Jump Shot,1,2,277,0042300236,2024-05-16
0042300236,371,PT07M24.00S,3,1610612750,MIN,203497,Gobert,R. Gobert,0,0,0,,0,,,0,h,Gobert REBOUND (Off:2 Def:8),Rebound,Unknown,1,0,278,0042300236,2024-05-16
0042300236,372,PT07M10.00S,3,1610612750,MIN,1626157,Towns,K. Towns,-31,41,5,Made,1,71,48,119,h,Towns 5' Hook Shot (8 PTS) (Edwards 2 AST),Made Shot,Hook Shot,1,2,279,0042300236,2024-05-16
0042300236,374,PT06M53.00S,3,1610612743,DEN,1629008,Porter Jr.,M. Porter Jr.,-151,194,25,Missed,1,,,0,v,MISS Porter Jr. 25' 3PT Jump Shot,Missed Shot,Jump Shot,1,3,280,0042300236,2024-05-16
0042300236,375,PT06M51.00S,3,1610612750,MIN,203497,Gobert,R. Gobert,0,0,0,,0,,,0,h,Gobert REBOUND (Off:2 Def:9),Rebound,Unknown,1,0,281,0042300236,2024-05-16
0042300236,376,PT06M40.00S,3,1610612750,MIN,1630183,McDaniels,J. McDaniels,-227,27,0,Made,1,74,48,122,h,McDaniels 3PT Jump Shot (21 PTS) (Towns 5 AST),Made Shot,Jump Shot,1,3,282,0042300236,2024-05-16
0042300236,378,PT06M39.00S,3,0,,1610612743,,,0,0,0,,0,,,0,v,Nuggets Timeout: Regular (Reg.5 Short 0),Timeout,Regular,0,0,283,0042300236,2024-05-16
0042300236,379,PT06M39.00S,3,1610612743,DEN,1629008,Porter Jr.,M. Porter Jr.,0,0,0,,0,,,0,v,SUB: Braun FOR Porter Jr.,Substitution,,0,0,284,0042300236,2024-05-16
0042300236,381,PT06M26.00S,3,1610612743,DEN,203932,Gordon,A. Gordon,26,37,5,Made,1,74,50,124,v,Gordon 5' Driving Finger Roll Layup (12 PTS),Made Shot,Driving Finger Roll Layup Shot,1,2,285,0042300236,2024-05-16
0042300236,382,PT06M16.00S,3,1610612743,DEN,1627750,Murray,J. Murray,0,0,0,,0,,,0,v,Murray P.FOUL (P2.T3) (J.Williams),Foul,Personal,1,0,286,0042300236,2024-05-16
0042300236,384,PT06M08.00S,3,1610612750,MIN,1630162,Edwards,A. Edwards,7,251,25,Missed,1,,,0,h,MISS Edwards 25' 3PT Jump Shot,Missed Shot,Jump Shot,1,3,287,0042300236,2024-05-16
0042300236,385,PT06M05.00S,3,1610612743,DEN,1627750,Murray,J. Murray,0,0,0,,0,,,0,v,Murray REBOUND (Off:0 Def:2),Rebound,Unknown,1,0,288,0042300236,2024-05-16
0042300236,386,PT05M50.00S,3,1610612743,DEN,1627750,Murray,J. Murray,-17,73,7,Missed,1,,,0,v,MISS Murray 7' Driving Floating Jump Shot,Missed Shot,Driving Floating Jump Shot,1,2,289,0042300236,2024-05-16
0042300236,387,PT05M46.00S,3,1610612743,DEN,203932,Gordon,A. Gordon,0,0,0,,0,,,0,v,Gordon REBOUND (Off:1 Def:7),Rebound,Unknown,1,0,290,0042300236,2024-05-16
0042300236,388,PT05M40.00S,3,1610612743,DEN,1631128,Braun,C. Braun,60,74,10,Missed,1,,,0,v,MISS Braun 10' Jump Shot,Missed Shot,Jump Shot,1,2,291,0042300236,2024-05-16
0042300236,389,PT05M37.00S,3,1610612743,DEN,1631128,Braun,C. Braun,0,0,0,,0,,,0,v,Braun REBOUND (Off:1 Def:2),Rebound,Unknown,1,0,292,0042300236,2024-05-16
0042300236,390,PT05M33.00S,3,1610612743,DEN,203484,Caldwell-Pope,K. Caldwell-Pope,-170,176,24,Missed,1,,,0,v,MISS Caldwell-Pope 24' 3PT Jump Shot,Missed Shot,Jump Shot,1,3,293,0042300236,2024-05-16
0042300236,391,PT05M29.00S,3,1610612750,MIN,1630162,Edwards,A. Edwards,0,0,0,,0,,,0,h,Edwards REBOUND (Off:0 Def:3),Rebound,Unknown,1,0,294,0042300236,2024-05-16
0042300236,392,PT05M12.00S,3,1610612750,MIN,1630162,Edwards,A. Edwards,72,75,10,Made,1,76,50,126,h,Edwards 10' Fadeaway Jumper (24 PTS),Made Shot,Fadeaway Jump Shot,1,2,295,0042300236,2024-05-16
0042300236,393,PT05M03.00S,3,1610612743,DEN,1627750,Murray,J. Murray,130,204,24,Made,1,76,53,129,v,Murray 24' 3PT Pullup Jump Shot (8 PTS),Made Shot,Pullup Jump shot,1,3,296,0042300236,2024-05-16
0042300236,394,PT04M35.00S,3,1610612743,DEN,203484,Caldwell-Pope,K. Caldwell-Pope,0,0,0,,0,,,0,v,Caldwell-Pope P.FOUL (P2.T4) (M.Davis),Foul,Personal,1,0,297,0042300236,2024-05-16
0042300236,396,PT04M35.00S,3,1610612750,MIN,201144,Conley,M. Conley,0,0,0,,0,,,0,h,SUB: Reid FOR Conley,Substitution,,0,0,298,0042300236,2024-05-16
0042300236,397,PT04M35.00S,3,1610612750,MIN,203497,Gobert,R. Gobert,0,0,0,,0,,,0,h,SUB: Alexander-Walker FOR Gobert,Substitution,,0,0,299,0042300236,2024-05-16
0042300236,400,PT04M25.00S,3,1610612750,MIN,1629675,Reid,N. Reid,-118,42,13,Missed,1,,,0,h,MISS Reid 13' Turnaround Jump Shot,Missed Shot,Turnaround Jump Shot,1,2,300,0042300236,2024-05-16
0042300236,401,PT04M23.00S,3,1610612743,DEN,203999,Jokić,N. Jokić,0,0,0,,0,,,0,v,Jokic REBOUND (Off:3 Def:3),Rebound,Unknown,1,0,301,0042300236,2024-05-16
0042300236,402,PT04M13.00S,3,1610612743,DEN,1627750,Murray,J. Murray,102,122,16,Missed,1,,,0,v,MISS Murray 16' Pullup Jump Shot,Missed Shot,Pullup Jump shot,1,2,302,0042300236,2024-05-16
0042300236,403,PT04M10.00S,3,1610612750,MIN,1630183,McDaniels,J. McDaniels,0,0,0,,0,,,0,h,McDaniels REBOUND (Off:2 Def:2),Rebound,Unknown,1,0,303,0042300236,2024-05-16
0042300236,404,PT03M48.00S,3,1610612750,MIN,1629675,Reid,N. Reid,-32,50,6,Made,1,78,53,131,h,Reid 6' Turnaround Hook Shot (8 PTS) (Edwards 3 AST),Made Shot,Turnaround Hook Shot,1,2,304,0042300236,2024-05-16
0042300236,406,PT03M27.00S,3,1610612743,DEN,203999,Jokić,N. Jokić,-31,19,4,Made,1,78,55,133,v,Jokic 4' Driving Layup (18 PTS),Made Shot,Driving Layup Shot,1,2,305,0042300236,2024-05-16
0042300236,407,PT03M07.00S,3,1610612750,MIN,1629638,Alexander-Walker,N. Alexander-Walker,-29,254,26,Made,1,81,55,136,h,Alexander-Walker 26' 3PT Pullup Jump Shot (3 PTS) (Edwards 4 AST),Made Shot,Pullup Jump shot,1,3,306,0042300236,2024-05-16
0042300236,409,PT02M47.00S,3,1610612743,DEN,1627750,Murray,J. Murray,-229,-7,0,Missed,1,,,0,v,MISS Murray 3PT Jump Shot,Missed Shot,Jump Shot,1,3,307,0042300236,2024-05-16
0042300236,410,PT02M43.00S,3,1610612743,DEN,203999,Jokić,N. Jokić,0,0,0,,0,,,0,v,Jokic REBOUND (Off:4 Def:3),Rebound,Unknown,1,0,308,0042300236,2024-05-16
0042300236,411,PT02M40.00S,3,1610612743,DEN,1631128,Braun,C. Braun,124,211,24,Missed,1,,,0,v,MISS Braun 24' 3PT Jump Shot,Missed Shot,Jump Shot,1,3,309,0042300236,2024-05-16
0042300236,412,PT02M38.00S,3,1610612750,MIN,1626157,Towns,K. Towns,0,0,0,,0,,,0,h,Towns REBOUND (Off:4 Def:8),Rebound,Unknown,1,0,310,0042300236,2024-05-16
0042300236,413,PT02M25.00S,3,1610612750,MIN,1630162,Edwards,A. Edwards,-64,242,25,Missed,1,,,0,h,MISS Edwards 25' 3PT Pullup Jump Shot,Missed Shot,Pullup Jump shot,1,3,311,0042300236,2024-05-16
0042300236,414,PT02M22.00S,3,1610612743,DEN,203484,Caldwell-Pope,K. Caldwell-Pope,0,0,0,,0,,,0,v,Caldwell-Pope REBOUND (Off:1 Def:3),Rebound,Unknown,1,0,312,0042300236,2024-05-16
0042300236,415,PT02M15.00S,3,1610612743,DEN,1627750,Murray,J. Murray,-48,42,6,Made,1,81,57,138,v,Murray 6' Driving Floating Jump Shot (10 PTS),Made Shot,Driving Floating Jump Shot,1,2,313,0042300236,2024-05-16
0042300236,416,PT02M02.00S,3,1610612743,DEN,203484,Caldwell-Pope,K. Caldwell-Pope,0,0,0,,0,,,0,v,Caldwell-Pope P.FOUL (P3.PN) (J.Williams),Foul,Personal,1,0,314,0042300236,2024-05-16
0042300236,418,PT02M02.00S,3,1610612750,MIN,1626157,Towns,K. Towns,0,0,0,,0,82,57,139,h,Towns Free Throw 1 of 2 (9 PTS),Free Throw,Free Throw 1 of 2,1,0,315,0042300236,2024-05-16
0042300236,419,PT02M02.00S,3,1610612750,MIN,1630162,Edwards,A. Edwards,0,0,0,,0,,,0,h,SUB: Conley FOR Edwards,Substitution,,0,0,316,0042300236,2024-05-16
0042300236,420,PT02M02.00S,3,1610612743,DEN,203484,Caldwell-Pope,K. Caldwell-Pope,0,0,0,,0,,,0,v,SUB: Porter Jr. FOR Caldwell-Pope,Substitution,,0,0,317,0042300236,2024-05-16
0042300236,421,PT02M02.00S,3,1610612743,DEN,1627750,Murray,J. Murray,0,0,0,,0,,,0,v,SUB: Jackson FOR Murray,Substitution,,0,0,318,0042300236,2024-05-16
0042300236,422,PT02M02.00S,3,1610612743,DEN,203932,Gordon,A. Gordon,0,0,0,,0,,,0,v,SUB: Holiday FOR Gordon,Substitution,,0,0,319,0042300236,2024-05-16
0042300236,427,PT02M02.00S,3,1610612750,MIN,1626157,Towns,K. Towns,0,0,0,,0,83,57,140,h,Towns Free Throw 2 of 2 (10 PTS),Free Throw,Free Throw 2 of 2,1,0,320,0042300236,2024-05-16
0042300236,428,PT01M39.00S,3,1610612743,DEN,203999,Jokić,N. Jokić,103,146,18,Missed,1,,,0,v,MISS Jokic 18' Fadeaway Jumper,Missed Shot,Fadeaway Jump Shot,1,2,321,0042300236,2024-05-16
0042300236,429,PT01M35.00S,3,1610612750,MIN,201144,Conley,M. Conley,0,0,0,,0,,,0,h,Conley REBOUND (Off:0 Def:4),Rebound,Unknown,1,0,322,0042300236,2024-05-16
0042300236,430,PT01M18.00S,3,1610612750,MIN,201144,Conley,M. Conley,-67,258,27,Made,1,86,57,143,h,Conley 27' 3PT Step Back Jump Shot (10 PTS),Made Shot,Step Back Jump shot,1,3,323,0042300236,2024-05-16
0042300236,432,PT01M06.00S,3,1610612743,DEN,1631128,Braun,C. Braun,27,29,4,Missed,1,,,0,v,MISS Braun 4' Layup,Missed Shot,Layup Shot,1,2,324,0042300236,2024-05-16
0042300236,432,PT01M06.00S,3,1610612750,MIN,201144,Conley,M. Conley,0,0,0,,0,,,0,h,Conley BLOCK (1 BLK),,,1,2,325,0042300236,2024-05-16
0042300236,434,PT01M05.00S,3,1610612750,MIN,1626157,Towns,K. Towns,0,0,0,,0,,,0,h,Towns REBOUND (Off:4 Def:9),Rebound,Unknown,1,0,326,0042300236,2024-05-16
0042300236,435,PT00M58.40S,3,1610612750,MIN,1629675,Reid,N. Reid,50,37,6,Missed,1,,,0,h,MISS Reid 6' Running Layup,Missed Shot,Running Layup Shot,1,2,327,0042300236,2024-05-16
0042300236,436,PT00M56.90S,3,1610612743,DEN,203999,Jokić,N. Jokić,0,0,0,,0,,,0,v,Jokic REBOUND (Off:4 Def:4),Rebound,Unknown,1,0,328,0042300236,2024-05-16
0042300236,437,PT00M52.20S,3,1610612743,DEN,203999,Jokić,N. Jokić,-13,46,5,Missed,1,,,0,v,MISS Jokic 5' Running Layup,Missed Shot,Running Layup Shot,1,2,329,0042300236,2024-05-16
0042300236,438,PT00M51.00S,3,1610612743,DEN,203999,Jokić,N. Jokić,0,0,0,,0,,,0,v,Jokic REBOUND (Off:5 Def:4),Rebound,Unknown,1,0,330,0042300236,2024-05-16
0042300236,439,PT00M51.00S,3,1610612743,DEN,203999,Jokić,N. Jokić,0,0,0,Made,1,86,59,145,v,Jokic Tip Layup Shot (20 PTS),Made Shot,Tip Layup Shot,1,2,331,0042300236,2024-05-16
0042300236,440,PT00M28.50S,3,1610612750,MIN,1629675,Reid,N. Reid,-224,26,0,Missed,1,,,0,h,MISS Reid 3PT Jump Shot,Missed Shot,Jump Shot,1,3,332,0042300236,2024-05-16
0042300236,441,PT00M26.10S,3,1610612743,DEN,203200,Holiday,J. Holiday,0,0,0,,0,,,0,v,Holiday REBOUND (Off:0 Def:2),Rebound,Unknown,1,0,333,0042300236,2024-05-16
0042300236,442,PT00M14.40S,3,1610612750,MIN,1629675,Reid,N. Reid,0,0,0,,0,,,0,h,Reid S.FOUL (P2.T3) (J.Williams),Foul,Shooting,1,0,334,0042300236,2024-05-16
0042300236,444,PT00M14.40S,3,1610612743,DEN,203999,Jokić,N. Jokić,0,0,0,,0,86,60,146,v,Jokic Free Throw 1 of 2 (21 PTS),Free Throw,Free Throw 1 of 2,1,0,335,0042300236,2024-05-16
0042300236,445,PT00M14.40S,3,1610612743,DEN,203999,Jokić,N. Jokić,0,0,0,,0,86,61,147,v,Jokic Free Throw 2 of 2 (22 PTS),Free Throw,Free Throw 2 of 2,1,0,336,0042300236,2024-05-16
0042300236,446,PT00M00.00S,3,0,,0,,,0,0,0,,0,86,61,147,,End of 3rd Period (10:27 PM EST),period,end,1,0,337,0042300236,2024-05-16
0042300236,453,PT12M00.00S,4,0,,0,,,0,0,0,,0,86,61,147,,Start of 4th Period (10:30 PM EST),period,start,0,0,338,0042300236,2024-05-16
0042300236,454,PT11M52.00S,4,1610612743,DEN,1627750,Murray,J. Murray,0,0,0,,0,,,0,v,Murray Out of Bounds Lost Ball Turnover (P2.T9),Turnover,Out of Bounds Lost Ball Turnover,0,0,339,0042300236,2024-05-16
0042300236,455,PT11M42.00S,4,1610612743,DEN,203999,Jokić,N. Jokić,0,0,0,,0,,,0,v,Jokic S.FOUL (P1.T1) (J.Williams),Foul,Shooting,1,0,340,0042300236,2024-05-16
0042300236,457,PT11M42.00S,4,1610612750,MIN,1629675,Reid,N. Reid,0,0,0,,0,87,61,148,h,Reid Free Throw 1 of 2 (9 PTS),Free Throw,Free Throw 1 of 2,1,0,341,0042300236,2024-05-16
0042300236,458,PT11M42.00S,4,1610612750,MIN,1629675,Reid,N. Reid,0,0,0,,0,88,61,149,h,Reid Free Throw 2 of 2 (10 PTS),Free Throw,Free Throw 2 of 2,1,0,342,0042300236,2024-05-16
0042300236,459,PT11M24.00S,4,1610612743,DEN,1631128,Braun,C. Braun,7,9,1,Made,1,88,63,151,v,Braun 1' Driving Dunk (2 PTS) (Jokic 2 AST),Made Shot,Driving Dunk Shot,1,2,343,0042300236,2024-05-16
0042300236,461,PT11M02.00S,4,1610612750,MIN,1630162,Edwards,A. Edwards,-178,168,24,Made,1,91,63,154,h,Edwards 24' 3PT Step Back Jump Shot (27 PTS),Made Shot,Step Back Jump shot,1,3,344,0042300236,2024-05-16
0042300236,462,PT10M37.00S,4,1610612743,DEN,1631128,Braun,C. Braun,40,225,23,Missed,1,,,0,v,MISS Braun 23' Step Back Jump Shot,Missed Shot,Step Back Jump shot,1,2,345,0042300236,2024-05-16
0042300236,463,PT10M35.00S,4,1610612750,MIN,1630162,Edwards,A. Edwards,0,0,0,,0,,,0,h,Edwards REBOUND (Off:0 Def:4),Rebound,Unknown,1,0,346,0042300236,2024-05-16
0042300236,464,PT10M22.00S,4,1610612750,MIN,1630162,Edwards,A. Edwards,130,130,18,Missed,1,,,0,h,MISS Edwards 18' Pullup Jump Shot,Missed Shot,Pullup Jump shot,1,2,347,0042300236,2024-05-16
0042300236,465,PT10M19.00S,4,1610612743,DEN,1629008,Porter Jr.,M. Porter Jr.,0,0,0,,0,,,0,v,Porter Jr. REBOUND (Off:1 Def:5),Rebound,Unknown,1,0,348,0042300236,2024-05-16
0042300236,466,PT10M07.00S,4,1610612743,DEN,1629008,Porter Jr.,M. Porter Jr.,89,225,24,Missed,1,,,0,v,MISS Porter Jr. 24' 3PT Pullup Jump Shot,Missed Shot,Pullup Jump shot,1,3,349,0042300236,2024-05-16
0042300236,467,PT10M05.00S,4,1610612750,MIN,203497,Gobert,R. Gobert,0,0,0,,0,,,0,h,Gobert REBOUND (Off:2 Def:10),Rebound,Unknown,1,0,350,0042300236,2024-05-16
0042300236,468,PT09M52.00S,4,1610612750,MIN,203497,Gobert,R. Gobert,-29,12,3,Made,1,93,63,156,h,Gobert 3' Layup (8 PTS) (Conley 5 AST),Made Shot,Layup Shot,1,2,351,0042300236,2024-05-16
0042300236,470,PT09M52.00S,4,0,,1610612743,,,0,0,0,,0,,,0,v,Nuggets Timeout: Regular (Reg.6 Short 0),Timeout,Regular,0,0,352,0042300236,2024-05-16
0042300236,471,PT09M52.00S,4,1610612743,DEN,1629008,Porter Jr.,M. Porter Jr.,0,0,0,,0,,,0,v,SUB: Jordan FOR Porter Jr.,Substitution,,0,0,353,0042300236,2024-05-16
0042300236,472,PT09M52.00S,4,1610612743,DEN,203999,Jokić,N. Jokić,0,0,0,,0,,,0,v,SUB: Watson FOR Jokic,Substitution,,0,0,354,0042300236,2024-05-16
0042300236,473,PT09M52.00S,4,1610612743,DEN,1627750,Murray,J. Murray,0,0,0,,0,,,0,v,SUB: Holiday FOR Murray,Substitution,,0,0,355,0042300236,2024-05-16
0042300236,477,PT09M39.00S,4,1610612743,DEN,202704,Jackson,R. Jackson,113,100,15,Missed,1,,,0,v,MISS Jackson 15' Pullup Jump Shot,Missed Shot,Pullup Jump shot,1,2,356,0042300236,2024-05-16
0042300236,478,PT09M35.00S,4,1610612750,MIN,1629675,Reid,N. Reid,0,0,0,,0,,,0,h,Reid REBOUND (Off:1 Def:9),Rebound,Unknown,1,0,357,0042300236,2024-05-16
0042300236,479,PT09M22.00S,4,1610612750,MIN,201144,Conley,M. Conley,77,243,25,Made,1,96,63,159,h,Conley 25' 3PT Pullup Jump Shot (13 PTS) (Gobert 2 AST),Made Shot,Pullup Jump shot,0,3,358,0042300236,2024-05-16
0042300236,481,PT09M07.00S,4,1610612743,DEN,202704,Jackson,R. Jackson,34,25,4,Missed,1,,,0,v,MISS Jackson 4' Driving Layup,Missed Shot,Driving Layup Shot,1,2,359,0042300236,2024-05-16
0042300236,482,PT09M05.00S,4,1610612750,MIN,1629675,Reid,N. Reid,0,0,0,,0,,,0,h,Reid REBOUND (Off:1 Def:10),Rebound,Unknown,1,0,360,0042300236,2024-05-16
0042300236,483,PT09M00.00S,4,1610612750,MIN,1629638,Alexander-Walker,N. Alexander-Walker,-136,215,25,Made,1,99,63,162,h,Alexander-Walker 25' 3PT Running Pull-Up Jump Shot (6 PTS),Made Shot,Running Pull-Up Jump Shot,1,3,361,0042300236,2024-05-16
0042300236,484,PT08M38.00S,4,1610612743,DEN,1631128,Braun,C. Braun,157,195,25,Missed,1,,,0,v,MISS Braun 25' 3PT Jump Shot,Missed Shot,Jump Shot,1,3,362,0042300236,2024-05-16
0042300236,485,PT08M35.00S,4,1610612750,MIN,203497,Gobert,R. Gobert,0,0,0,,0,,,0,h,Gobert REBOUND (Off:2 Def:11),Rebound,Unknown,1,0,363,0042300236,2024-05-16
0042300236,486,PT08M33.00S,4,0,,1610612750,,,0,0,0,,0,,,0,h,TIMBERWOLVES Timeout: Regular (Full 4 Short 0),Timeout,Regular,0,0,364,0042300236,2024-05-16
0042300236,487,PT08M33.00S,4,1610612750,MIN,1630162,Edwards,A. Edwards,0,0,0,,0,,,0,h,SUB: Anderson FOR Edwards,Substitution,,0,0,365,0042300236,2024-05-16
0042300236,488,PT08M33.00S,4,1610612750,MIN,201144,Conley,M. Conley,0,0,0,,0,,,0,h,SUB: Morris FOR Conley,Substitution,,0,0,366,0042300236,2024-05-16
0042300236,489,PT08M33.00S,4,1610612743,DEN,1631128,Braun,C. Braun,0,0,0,,0,,,0,v,SUB: Strawther FOR Braun,Substitution,,0,0,367,0042300236,2024-05-16
0042300236,493,PT08M21.00S,4,1610612750,MIN,1628420,Morris,M. Morris,-180,174,25,Missed,1,,,0,h,MISS Morris 25' 3PT Jump Shot,Missed Shot,Jump Shot,1,3,368,0042300236,2024-05-16
0042300236,494,PT08M18.00S,4,1610612743,DEN,1631212,Watson,P. Watson,0,0,0,,0,,,0,v,Watson REBOUND (Off:0 Def:1),Rebound,Unknown,1,0,369,0042300236,2024-05-16
0042300236,495,PT07M54.00S,4,1610612743,DEN,202704,Jackson,R. Jackson,60,59,8,Missed,1,,,0,v,MISS Jackson 8' Driving Floating Jump Shot,Missed Shot,Driving Floating Jump Shot,1,2,370,0042300236,2024-05-16
0042300236,496,PT07M52.00S,4,1610612750,MIN,203497,Gobert,R. Gobert,0,0,0,,0,,,0,h,Gobert REBOUND (Off:2 Def:12),Rebound,Unknown,1,0,371,0042300236,2024-05-16
0042300236,497,PT07M47.00S,4,1610612743,DEN,203200,Holiday,J. Holiday,0,0,0,,0,,,0,v,Holiday P.FOUL (P1.T2) (M.Davis),Foul,Personal,1,0,372,0042300236,2024-05-16
0042300236,499,PT07M47.00S,4,1610612750,MIN,1629675,Reid,N. Reid,0,0,0,,0,,,0,h,SUB: McLaughlin FOR Reid,Substitution,,0,0,373,0042300236,2024-05-16
0042300236,500,PT07M47.00S,4,1610612750,MIN,203497,Gobert,R. Gobert,0,0,0,,0,,,0,h,SUB: Garza FOR Gobert,Substitution,,0,0,374,0042300236,2024-05-16
0042300236,503,PT07M47.00S,4,0,,1610612750,,,0,0,0,,0,,,0,h,TIMBERWOLVES Violation: Delay of game Violation,Violation,Delay Of Game,0,0,375,0042300236,2024-05-16
0042300236,504,PT07M30.00S,4,1610612750,MIN,1629162,McLaughlin,J. McLaughlin,-98,117,15,Made,1,101,63,164,h,McLaughlin 15' Pullup Jump Shot (2 PTS) (Morris 1 AST),Made Shot,Pullup Jump shot,1,2,376,0042300236,2024-05-16
0042300236,506,PT07M11.00S,4,1610612743,DEN,203200,Holiday,J. Holiday,54,74,9,Missed,1,,,0,v,MISS Holiday 9' Finger Roll Layup,Missed Shot,Finger Roll Layup Shot,1,2,377,0042300236,2024-05-16
0042300236,507,PT07M09.00S,4,1610612750,MIN,203937,Anderson,K. Anderson,0,0,0,,0,,,0,h,Anderson REBOUND (Off:2 Def:1),Rebound,Unknown,1,0,378,0042300236,2024-05-16
0042300236,508,PT07M06.00S,4,1610612750,MIN,1629638,Alexander-Walker,N. Alexander-Walker,188,167,25,Made,1,104,63,167,h,Alexander-Walker 25' 3PT Running Pull-Up Jump Shot (9 PTS) (Anderson 3 AST),Made Shot,Running Pull-Up Jump Shot,1,3,379,0042300236,2024-05-16
0042300236,510,PT07M05.00S,4,0,,1610612743,,,0,0,0,,0,,,0,v,Nuggets Timeout: Regular (Reg.7 Short 0),Timeout,Regular,0,0,380,0042300236,2024-05-16
0042300236,511,PT07M05.00S,4,1610612750,MIN,1629638,Alexander-Walker,N. Alexander-Walker,0,0,0,,0,,,0,h,SUB: Moore Jr. FOR Alexander-Walker,Substitution,,0,0,381,0042300236,2024-05-16
0042300236,512,PT07M05.00S,4,1610612743,DEN,203200,Holiday,J. Holiday,0,0,0,,0,,,0,v,SUB: Tyson FOR Holiday,Substitution,,0,0,382,0042300236,2024-05-16
0042300236,515,PT06M49.00S,4,1610612743,DEN,202704,Jackson,R. Jackson,141,109,18,Missed,1,,,0,v,MISS Jackson 18' Step Back Jump Shot,Missed Shot,Step Back Jump shot,1,2,383,0042300236,2024-05-16
0042300236,516,PT06M47.00S,4,1610612743,DEN,201599,Jordan,D. Jordan,0,0,0,,0,,,0,v,Jordan REBOUND (Off:1 Def:0),Rebound,Unknown,1,0,384,0042300236,2024-05-16
0042300236,517,PT06M45.00S,4,1610612743,DEN,201599,Jordan,D. Jordan,-2,15,2,Missed,1,,,0,v,MISS Jordan 2' Putback Dunk,Missed Shot,Putback Dunk Shot,1,2,385,0042300236,2024-05-16
0042300236,517,PT06M45.00S,4,1610612750,MIN,203937,Anderson,K. Anderson,0,0,0,,0,,,0,h,Anderson BLOCK (1 BLK),,,1,2,386,0042300236,2024-05-16
0042300236,519,PT06M42.00S,4,1610612750,MIN,1629162,McLaughlin,J. McLaughlin,0,0,0,,0,,,0,h,McLaughlin REBOUND (Off:0 Def:1),Rebound,Unknown,1,0,387,0042300236,2024-05-16
0042300236,520,PT06M33.00S,4,1610612750,MIN,1630568,Garza,L. Garza,-17,256,26,Made,1,107,63,170,h,Garza 26' 3PT Jump Shot (3 PTS) (Morris 2 AST),Made Shot,Jump Shot,1,3,388,0042300236,2024-05-16
0042300236,522,PT06M15.00S,4,1610612743,DEN,1641816,Tyson,H. Tyson,0,0,0,,0,,,0,v,Tyson Bad Pass Turnover (P1.T10),Turnover,Bad Pass,1,0,389,0042300236,2024-05-16
0042300236,522,PT06M15.00S,4,1610612750,MIN,1628420,Morris,M. Morris,0,0,0,,0,,,0,h,Morris STEAL (1 STL),,,1,0,390,0042300236,2024-05-16
0042300236,524,PT06M15.00S,4,1610612743,DEN,201599,Jordan,D. Jordan,0,0,0,,0,,,0,v,Jordan P.FOUL (P1.T3) (T.Ford),Foul,Personal,1,0,391,0042300236,2024-05-16
0042300236,526,PT06M00.00S,4,1610612750,MIN,1628420,Morris,M. Morris,66,242,25,Made,1,110,63,173,h,Morris 25' 3PT Pullup Jump Shot (3 PTS) (Moore Jr. 1 AST),Made Shot,Pullup Jump shot,1,3,392,0042300236,2024-05-16
0042300236,528,PT05M42.00S,4,1610612743,DEN,1631212,Watson,P. Watson,10,151,15,Missed,1,,,0,v,MISS Watson 15' Step Back Jump Shot,Missed Shot,Step Back Jump shot,1,2,393,0042300236,2024-05-16
0042300236,529,PT05M40.00S,4,1610612750,MIN,1629162,McLaughlin,J. McLaughlin,0,0,0,,0,,,0,h,McLaughlin REBOUND (Off:0 Def:2),Rebound,Unknown,1,0,394,0042300236,2024-05-16
0042300236,530,PT05M31.00S,4,1610612750,MIN,1631111,Moore Jr.,W. Moore Jr.,156,2,16,Missed,1,,,0,h,MISS Moore Jr. 16' Pullup Jump Shot,Missed Shot,Pullup Jump shot,1,2,395,0042300236,2024-05-16
0042300236,531,PT05M28.00S,4,1610612743,DEN,1631124,Strawther,J. Strawther,0,0,0,,0,,,0,v,Strawther REBOUND (Off:0 Def:1),Rebound,Unknown,1,0,396,0042300236,2024-05-16
0042300236,532,PT05M26.00S,4,1610612750,MIN,203937,Anderson,K. Anderson,0,0,0,,0,,,0,h,Anderson S.FOUL (P1.T1) (J.Williams),Foul,Shooting,1,0,397,0042300236,2024-05-16
0042300236,534,PT05M26.00S,4,1610612743,DEN,1631124,Strawther,J. Strawther,0,0,0,,0,,,0,v,MISS Strawther Free Throw 1 of 2,Free Throw,Free Throw 1 of 2,1,0,398,0042300236,2024-05-16
0042300236,535,PT05M26.00S,4,0,,1610612743,,,0,0,0,,0,,,0,v,Nuggets Rebound,Rebound,Normal Rebound,1,0,399,0042300236,2024-05-16
0042300236,536,PT05M26.00S,4,1610612750,MIN,203937,Anderson,K. Anderson,0,0,0,,0,,,0,h,SUB: Minott FOR Anderson,Substitution,,0,0,400,0042300236,2024-05-16
0042300236,537,PT05M26.00S,4,1610612743,DEN,201599,Jordan,D. Jordan,0,0,0,,0,,,0,v,SUB: Nnaji FOR Jordan,Substitution,,0,0,401,0042300236,2024-05-16
0042300236,538,PT05M26.00S,4,1610612743,DEN,202704,Jackson,R. Jackson,0,0,0,,0,,,0,v,SUB: Pickett FOR Jackson,Substitution,,0,0,402,0042300236,2024-05-16
0042300236,542,PT05M26.00S,4,1610612743,DEN,1631124,Strawther,J. Strawther,0,0,0,,0,,,0,v,MISS Strawther Free Throw 2 of 2,Free Throw,Free Throw 2 of 2,1,0,403,0042300236,2024-05-16
0042300236,543,PT05M24.00S,4,1610612750,MIN,1631111,Moore Jr.,W. Moore Jr.,0,0,0,,0,,,0,h,Moore Jr. REBOUND (Off:0 Def:1),Rebound,Unknown,1,0,404,0042300236,2024-05-16
0042300236,544,PT05M01.00S,4,1610612750,MIN,1630568,Garza,L. Garza,-43,26,5,Made,1,112,63,175,h,Garza 5' Driving Floating Bank Jump Shot (5 PTS) (Moore Jr. 2 AST),Made Shot,Driving Floating Bank Jump Shot,1,2,405,0042300236,2024-05-16
0042300236,546,PT04M40.00S,4,1610612750,MIN,1631169,Minott,J. Minott,0,0,0,,0,,,0,h,Minott S.FOUL (P1.T2) (T.Ford),Foul,Shooting,1,0,406,0042300236,2024-05-16
0042300236,548,PT04M40.00S,4,1610612743,DEN,1631212,Watson,P. Watson,0,0,0,,0,112,64,176,v,Watson Free Throw 1 of 2 (1 PTS),Free Throw,Free Throw 1 of 2,1,0,407,0042300236,2024-05-16
0042300236,549,PT04M40.00S,4,1610612743,DEN,1631212,Watson,P. Watson,0,0,0,,0,,,0,v,MISS Watson Free Throw 2 of 2,Free Throw,Free Throw 2 of 2,1,0,408,0042300236,2024-05-16
0042300236,550,PT04M39.00S,4,1610612750,MIN,1630568,Garza,L. Garza,0,0,0,,0,,,0,h,Garza REBOUND (Off:0 Def:1),Rebound,Unknown,1,0,409,0042300236,2024-05-16
0042300236,551,PT04M28.00S,4,1610612743,DEN,1631124,Strawther,J. Strawther,0,0,0,,0,,,0,v,Strawther S.FOUL (P1.T4) (T.Ford),Foul,Shooting,1,0,410,0042300236,2024-05-16
0042300236,553,PT04M28.00S,4,1610612750,MIN,1630568,Garza,L. Garza,0,0,0,,0,113,64,177,h,Garza Free Throw 1 of 2 (6 PTS),Free Throw,Free Throw 1 of 2,1,0,411,0042300236,2024-05-16
0042300236,554,PT04M28.00S,4,1610612750,MIN,1630568,Garza,L. Garza,0,0,0,,0,114,64,178,h,Garza Free Throw 2 of 2 (7 PTS),Free Throw,Free Throw 2 of 2,1,0,412,0042300236,2024-05-16
0042300236,555,PT04M15.00S,4,1610612743,DEN,1629618,Pickett,J. Pickett,16,125,13,Made,1,114,66,180,v,Pickett 13' Step Back Jump Shot (2 PTS),Made Shot,Step Back Jump shot,1,2,413,0042300236,2024-05-16
0042300236,556,PT03M56.00S,4,1610612750,MIN,1631111,Moore Jr.,W. Moore Jr.,-74,251,26,Missed,1,,,0,h,MISS Moore Jr. 26' 3PT Step Back Jump Shot,Missed Shot,Step Back Jump shot,1,3,414,0042300236,2024-05-16
0042300236,557,PT03M53.00S,4,1610612743,DEN,1629618,Pickett,J. Pickett,0,0,0,,0,,,0,v,Pickett REBOUND (Off:0 Def:1),Rebound,Unknown,1,0,415,0042300236,2024-05-16
0042300236,558,PT03M45.00S,4,1610612750,MIN,1631169,Minott,J. Minott,0,0,0,,0,,,0,h,Minott P.FOUL (P2.T3) (M.Davis),Foul,Personal,1,0,416,0042300236,2024-05-16
0042300236,560,PT03M32.00S,4,1610612743,DEN,1630192,Nnaji,Z. Nnaji,-1,5,1,Made,1,114,68,182,v,Nnaji 1' Cutting Dunk Shot (2 PTS) (Pickett 1 AST),Made Shot,Cutting Dunk Shot,1,2,417,0042300236,2024-05-16
0042300236,562,PT03M11.00S,4,1610612750,MIN,1630568,Garza,L. Garza,94,235,25,Missed,1,,,0,h,MISS Garza 25' 3PT Jump Shot,Missed Shot,Jump Shot,1,3,418,0042300236,2024-05-16
0042300236,563,PT03M09.00S,4,1610612743,DEN,1631212,Watson,P. Watson,0,0,0,,0,,,0,v,Watson REBOUND (Off:0 Def:2),Rebound,Unknown,1,0,419,0042300236,2024-05-16
0042300236,564,PT02M59.00S,4,1610612743,DEN,1631124,Strawther,J. Strawther,0,0,0,,0,,,0,v,Strawther Out of Bounds - Bad Pass Turnover Turnover (P1.T11),Turnover,Out of Bounds - Bad Pass Turnover,1,0,420,0042300236,2024-05-16
0042300236,565,PT02M47.00S,4,1610612750,MIN,1631169,Minott,J. Minott,23,20,3,Missed,1,,,0,h,MISS Minott 3' Cutting Layup Shot,Missed Shot,Cutting Layup Shot,1,2,421,0042300236,2024-05-16
0042300236,565,PT02M47.00S,4,1610612743,DEN,1629618,Pickett,J. Pickett,0,0,0,,0,,,0,v,Pickett BLOCK (1 BLK),,,1,2,422,0042300236,2024-05-16
0042300236,567,PT02M45.00S,4,0,,1610612750,,,0,0,0,,0,,,0,h,TIMBERWOLVES Rebound,Rebound,Unknown,0,0,423,0042300236,2024-05-16
0042300236,569,PT02M37.00S,4,1610612750,MIN,1629162,McLaughlin,J. McLaughlin,0,0,0,,0,,,0,h,McLaughlin Lost Ball Turnover (P1.T5),Turnover,Lost Ball,1,0,424,0042300236,2024-05-16
0042300236,569,PT02M37.00S,4,1610612743,DEN,1631124,Strawther,J. Strawther,0,0,0,,0,,,0,v,Strawther STEAL (1 STL),,,1,0,425,0042300236,2024-05-16
0042300236,571,PT02M32.00S,4,1610612743,DEN,1629618,Pickett,J. Pickett,-55,240,25,Missed,1,,,0,v,MISS Pickett 25' 3PT Running Pull-Up Jump Shot,Missed Shot,Running Pull-Up Jump Shot,1,3,426,0042300236,2024-05-16
0042300236,572,PT02M29.00S,4,1610612750,MIN,1629162,McLaughlin,J. McLaughlin,0,0,0,,0,,,0,h,McLaughlin REBOUND (Off:0 Def:3),Rebound,Unknown,1,0,427,0042300236,2024-05-16
0042300236,573,PT02M20.00S,4,1610612750,MIN,1631169,Minott,J. Minott,222,67,0,Missed,1,,,0,h,MISS Minott 3PT Jump Shot,Missed Shot,Jump Shot,1,3,428,0042300236,2024-05-16
0042300236,574,PT02M17.00S,4,1610612743,DEN,1641816,Tyson,H. Tyson,0,0,0,,0,,,0,v,Tyson REBOUND (Off:0 Def:1),Rebound,Unknown,1,0,429,0042300236,2024-05-16
0042300236,575,PT02M04.00S,4,1610612743,DEN,1641816,Tyson,H. Tyson,-233,21,0,Missed,1,,,0,v,MISS Tyson 3PT Jump Shot,Missed Shot,Jump Shot,1,3,430,0042300236,2024-05-16
0042300236,576,PT02M02.00S,4,1610612750,MIN,1631169,Minott,J. Minott,0,0,0,,0,,,0,h,Minott REBOUND (Off:0 Def:1),Rebound,Unknown,1,0,431,0042300236,2024-05-16
0042300236,577,PT01M54.00S,4,1610612750,MIN,1631111,Moore Jr.,W. Moore Jr.,0,0,0,,0,,,0,h,Moore Jr. Out of Bounds Lost Ball Turnover (P1.T6),Turnover,Out of Bounds Lost Ball Turnover,1,0,432,0042300236,2024-05-16
0042300236,578,PT01M41.00S,4,1610612743,DEN,1641816,Tyson,H. Tyson,58,109,12,Missed,1,,,0,v,MISS Tyson 12' Pullup Jump Shot,Missed Shot,Pullup Jump shot,1,2,433,0042300236,2024-05-16
0042300236,579,PT01M39.00S,4,1610612750,MIN,1630568,Garza,L. Garza,0,0,0,,0,,,0,h,Garza REBOUND (Off:0 Def:2),Rebound,Unknown,1,0,434,0042300236,2024-05-16
0042300236,580,PT01M35.00S,4,1610612750,MIN,1628420,Morris,M. Morris,76,144,16,Missed,1,,,0,h,MISS Morris 16' Running Pull-Up Jump Shot,Missed Shot,Running Pull-Up Jump Shot,1,2,435,0042300236,2024-05-16
0042300236,581,PT01M32.00S,4,1610612743,DEN,1631212,Watson,P. Watson,0,0,0,,0,,,0,v,Watson REBOUND (Off:0 Def:3),Rebound,Unknown,1,0,436,0042300236,2024-05-16
0042300236,582,PT01M25.00S,4,1610612743,DEN,1630192,Nnaji,Z. Nnaji,0,0,0,,0,,,0,v,Nnaji Bad Pass Turnover (P1.T12),Turnover,Bad Pass,1,0,437,0042300236,2024-05-16
0042300236,582,PT01M25.00S,4,1610612750,MIN,1631111,Moore Jr.,W. Moore Jr.,0,0,0,,0,,,0,h,Moore Jr. STEAL (1 STL),,,1,0,438,0042300236,2024-05-16
0042300236,584,PT01M20.00S,4,1610612750,MIN,1631169,Minott,J. Minott,29,17,3,Missed,1,,,0,h,MISS Minott 3' Running Layup,Missed Shot,Running Layup Shot,1,2,439,0042300236,2024-05-16
0042300236,585,PT01M18.00S,4,0,,1610612743,,,0,0,0,,0,,,0,v,Nuggets Rebound,Rebound,Unknown,1,0,440,0042300236,2024-05-16
0042300236,587,PT01M08.00S,4,1610612743,DEN,1631124,Strawther,J. Strawther,10,251,25,Missed,1,,,0,v,MISS Strawther 25' 3PT Jump Shot,Missed Shot,Jump Shot,1,3,441,0042300236,2024-05-16
0042300236,588,PT01M06.00S,4,1610612750,MIN,1631169,Minott,J. Minott,0,0,0,,0,,,0,h,Minott REBOUND (Off:0 Def:2),Rebound,Unknown,1,0,442,0042300236,2024-05-16
0042300236,589,PT01M02.00S,4,1610612743,DEN,1631124,Strawther,J. Strawther,0,0,0,,0,,,0,v,Strawther S.FOUL (P2.PN) (J.Williams),Foul,Shooting,1,0,443,0042300236,2024-05-16
0042300236,591,PT01M02.00S,4,1610612750,MIN,1630568,Garza,L. Garza,0,0,0,,0,115,68,183,h,Garza Free Throw 1 of 2 (8 PTS),Free Throw,Free Throw 1 of 2,1,0,444,0042300236,2024-05-16
0042300236,592,PT01M02.00S,4,1610612750,MIN,1630568,Garza,L. Garza,0,0,0,,0,,,0,h,MISS Garza Free Throw 2 of 2,Free Throw,Free Throw 2 of 2,1,0,445,0042300236,2024-05-16
0042300236,593,PT01M00.00S,4,1610612743,DEN,1641816,Tyson,H. Tyson,0,0,0,,0,,,0,v,Tyson REBOUND (Off:0 Def:2),Rebound,Unknown,1,0,446,0042300236,2024-05-16
0042300236,594,PT00M45.50S,4,1610612743,DEN,1631124,Strawther,J. Strawther,-72,63,10,Missed,1,,,0,v,MISS Strawther 10' Driving Floating Jump Shot,Missed Shot,Driving Floating Jump Shot,1,2,447,0042300236,2024-05-16
0042300236,595,PT00M43.40S,4,1610612750,MIN,1631169,Minott,J. Minott,0,0,0,,0,,,0,h,Minott REBOUND (Off:0 Def:3),Rebound,Unknown,1,0,448,0042300236,2024-05-16
0042300236,596,PT00M32.10S,4,1610612750,MIN,1628420,Morris,M. Morris,-229,57,24,Missed,1,,,0,h,MISS Morris 24' 3PT Jump Shot,Missed Shot,Jump Shot,1,3,449,0042300236,2024-05-16
0042300236,597,PT00M28.90S,4,1610612743,DEN,1631212,Watson,P. Watson,0,0,0,,0,,,0,v,Watson REBOUND (Off:0 Def:4),Rebound,Unknown,1,0,450,0042300236,2024-05-16
0042300236,598,PT00M23.90S,4,1610612743,DEN,1631124,Strawther,J. Strawther,-15,27,3,Made,1,115,70,185,v,Strawther 3' Running Layup (2 PTS) (Watson 1 AST),Made Shot,Running Layup Shot,1,2,451,0042300236,2024-05-16
0042300236,600,PT00M00.00S,4,0,,0,,,0,0,0,,0,115,70,185,,End of 4th Period (10:57 PM EST),period,end,1,0,452,0042300236,2024-05-16
