gameId,actionNumber,clock,period,teamId,teamTricode,personId,playerName,playerNameI,xLegacy,yLegacy,shotDistance,shotResult,isFieldGoal,scoreHome,scoreAway,pointsTotal,location,description,actionType,subType,videoAvailable,shotValue,actionId,game_id
0022300084,2,PT12M00.00S,1,0,,0,,,0,0,0,,0,0,0,0,,Start of 1st Period (8:43 PM EST),period,start,0,0,1,0022300084
0022300084,4,PT12M00.00S,1,1610612742,DAL,1641726,Lively II,D. Lively II,0,0,0,,0,,,0,h,Jump Ball Lively II vs. Simmons: Tip to Finney-Smith,Jump Ball,,1,0,2,0022300084
0022300084,7,PT11M41.00S,1,1610612751,BKN,1627732,Simmons,B. Simmons,-66,-11,7,Missed,1,,,0,v,MISS Simmons 7' Turnaround Hook Shot,Missed Shot,Turnaround Hook Shot,1,2,3,0022300084
0022300084,8,PT11M38.00S,1,1610612742,DAL,1627884,Jones Jr.,D. Jones Jr.,0,0,0,,0,,,0,h,Jones Jr. REBOUND (Off:0 Def:1),Rebound,Unknown,1,0,4,0022300084
0022300084,9,PT11M18.00S,1,1610612742,DAL,1627884,Jones Jr.,D. Jones Jr.,-234,11,0,Missed,1,,,0,h,MISS Jones Jr. 3PT Jump Shot,Missed Shot,Jump Shot,1,3,5,0022300084
0022300084,10,PT11M16.00S,1,1610612751,BKN,1627732,Simmons,B. Simmons,0,0,0,,0,,,0,v,Simmons REBOUND (Off:0 Def:1),Rebound,Unknown,1,0,6,0022300084
0022300084,11,PT11M12.00S,1,1610612751,BKN,203915,Dinwiddie,S. Dinwiddie,217,120,25,Missed,1,,,0,v,MISS Dinwiddie 25' 3PT Running Jump Shot,Missed Shot,Running Jump Shot,1,3,7,0022300084
0022300084,12,PT11M10.00S,1,1610612742,DAL,1629684,Williams,G. Williams,0,0,0,,0,,,0,h,Williams REBOUND (Off:0 Def:1),Rebound,Unknown,1,0,8,0022300084
0022300084,13,PT11M00.00S,1,1610612742,DAL,202681,Irving,K. Irving,34,13,4,Missed,1,,,0,h,MISS Irving 4' Driving Layup,Missed Shot,Driving Layup Shot,1,2,9,0022300084
0022300084,14,PT10M59.00S,1,1610612751,BKN,1627827,Finney-Smith,D. Finney-Smith,0,0,0,,0,,,0,v,Finney-Smith REBOUND (Off:0 Def:1),Rebound,Unknown,1,0,10,0022300084
0022300084,15,PT10M52.00S,1,1610612751,BKN,1630560,Thomas,C. Thomas,229,106,25,Missed,1,,,0,v,MISS Thomas 25' 3PT Jump Shot,Missed Shot,Jump Shot,1,3,11,0022300084
0022300084,16,PT10M47.00S,1,1610612742,DAL,202681,Irving,K. Irving,0,0,0,,0,,,0,h,Irving REBOUND (Off:0 Def:1),Rebound,Unknown,1,0,12,0022300084
0022300084,17,PT10M44.00S,1,1610612751,BKN,203915,Dinwiddie,S. Dinwiddie,0,0,0,,0,,,0,v,Dinwiddie S.FOUL (P1.T1) (J.Tiven),Foul,Shooting,1,0,13,0022300084
0022300084,19,PT10M44.00S,1,1610612742,DAL,1641726,Lively II,D. Lively II,0,0,0,,0,,,0,h,MISS Lively II Free Throw 1 of 2,Free Throw,Free Throw 1 of 2,1,0,14,0022300084
0022300084,20,PT10M44.00S,1,0,,1610612742,,,0,0,0,,0,,,0,h,MAVERICKS Rebound,Rebound,Normal Rebound,0,0,15,0022300084
0022300084,21,PT10M44.00S,1,1610612742,DAL,1641726,Lively II,D. Lively II,0,0,0,,0,1,0,1,h,Lively II Free Throw 2 of 2 (1 PTS),Free Throw,Free Throw 2 of 2,1,0,16,0022300084
0022300084,22,PT10M30.00S,1,1610612751,BKN,1630560,Thomas,C. Thomas,-22,39,4,Missed,1,,,0,v,MISS Thomas 4' Driving Layup,Missed Shot,Driving Layup Shot,1,2,17,0022300084
0022300084,22,PT10M30.00S,1,1610612742,DAL,1641726,Lively II,D. Lively II,0,0,0,,0,,,0,h,Lively II BLOCK (1 BLK),,,1,2,18,0022300084
0022300084,24,PT10M28.00S,1,1610612751,BKN,1627732,Simmons,B. Simmons,0,0,0,,0,,,0,v,Simmons REBOUND (Off:1 Def:1),Rebound,Unknown,1,0,19,0022300084
0022300084,25,PT10M26.00S,1,1610612751,BKN,1627732,Simmons,B. Simmons,2,1,0,Made,1,1,2,3,v,Simmons Putback Layup (2 PTS),Made Shot,Putback Layup Shot,1,2,20,0022300084
0022300084,26,PT10M01.00S,1,1610612742,DAL,1629029,Dončić,L. Dončić,100,240,26,Made,1,4,2,6,h,Doncic 26' 3PT Step Back Jump Shot (3 PTS),Made Shot,Step Back Jump shot,1,3,21,0022300084
0022300084,27,PT09M50.00S,1,1610612751,BKN,1627732,Simmons,B. Simmons,6,33,3,Missed,1,,,0,v,MISS Simmons 3' Hook Shot,Missed Shot,Hook Shot,1,2,22,0022300084
0022300084,28,PT09M50.00S,1,1610612742,DAL,1641726,Lively II,D. Lively II,0,0,0,,0,,,0,h,Lively II REBOUND (Off:0 Def:1),Rebound,Unknown,1,0,23,0022300084
0022300084,29,PT09M40.00S,1,1610612742,DAL,1629029,Dončić,L. Dončić,-2,250,25,Made,1,7,2,9,h,Doncic 25' 3PT Jump Shot (6 PTS),Made Shot,Jump Shot,1,3,24,0022300084
0022300084,30,PT09M40.00S,1,0,,1610612751,,,0,0,0,,0,,,0,v,Nets Timeout: Regular (Reg.1 Short 0),Timeout,Regular,0,0,25,0022300084
0022300084,31,PT09M20.00S,1,1610612751,BKN,1627827,Finney-Smith,D. Finney-Smith,-235,37,24,Missed,1,,,0,v,MISS Finney-Smith 24' 3PT Jump Shot,Missed Shot,Jump Shot,1,3,26,0022300084
0022300084,32,PT09M17.00S,1,1610612742,DAL,1629684,Williams,G. Williams,0,0,0,,0,,,0,h,Williams REBOUND (Off:0 Def:2),Rebound,Unknown,1,0,27,0022300084
0022300084,33,PT09M02.00S,1,1610612742,DAL,1629684,Williams,G. Williams,-235,22,24,Missed,1,,,0,h,MISS Williams 24' 3PT Jump Shot,Missed Shot,Jump Shot,1,3,28,0022300084
0022300084,34,PT08M59.00S,1,1610612751,BKN,1628969,Bridges,M. Bridges,0,0,0,,0,,,0,v,Bridges REBOUND (Off:0 Def:1),Rebound,Unknown,1,0,29,0022300084
0022300084,35,PT08M45.00S,1,1610612751,BKN,203915,Dinwiddie,S. Dinwiddie,0,0,0,,0,,,0,v,Dinwiddie Out of Bounds - Bad Pass Turnover Turnover (P1.T1),Turnover,Out of Bounds - Bad Pass Turnover,1,0,30,0022300084
0022300084,36,PT08M30.00S,1,1610612751,BKN,1627732,Simmons,B. Simmons,0,0,0,,0,,,0,v,Simmons P.FOUL (P1.T2) (T.Ford),Foul,Personal,1,0,31,0022300084
0022300084,38,PT08M21.00S,1,1610612742,DAL,1629029,Dončić,L. Dončić,18,52,6,Missed,1,,,0,h,MISS Doncic 6' Driving Layup,Missed Shot,Driving Layup Shot,1,2,32,0022300084
0022300084,38,PT08M21.00S,1,1610612751,BKN,1627732,Simmons,B. Simmons,0,0,0,,0,,,0,v,Simmons BLOCK (1 BLK),,,1,2,33,0022300084
0022300084,40,PT08M19.00S,1,1610612751,BKN,1630560,Thomas,C. Thomas,0,0,0,,0,,,0,v,Thomas REBOUND (Off:0 Def:1),Rebound,Unknown,1,0,34,0022300084
0022300084,41,PT08M16.00S,1,1610612751,BKN,203915,Dinwiddie,S. Dinwiddie,172,183,25,Missed,1,,,0,v,MISS Dinwiddie 25' 3PT Running Jump Shot,Missed Shot,Running Jump Shot,1,3,35,0022300084
0022300084,42,PT08M13.00S,1,1610612751,BKN,1628969,Bridges,M. Bridges,0,0,0,,0,,,0,v,Bridges REBOUND (Off:1 Def:1),Rebound,Unknown,1,0,36,0022300084
0022300084,43,PT08M05.00S,1,1610612751,BKN,1630560,Thomas,C. Thomas,-101,66,12,Made,1,7,4,11,v,Thomas 12' Jump Shot (2 PTS) (Bridges 1 AST),Made Shot,Jump Shot,1,2,37,0022300084
0022300084,45,PT07M43.00S,1,1610612742,DAL,1629684,Williams,G. Williams,34,116,12,Made,1,9,4,13,h,Williams 12' Pullup Jump Shot (2 PTS) (Jones Jr. 1 AST),Made Shot,Pullup Jump shot,1,2,38,0022300084
0022300084,47,PT07M34.00S,1,1610612751,BKN,1628969,Bridges,M. Bridges,200,143,25,Made,1,9,7,16,v,Bridges 25' 3PT Jump Shot (3 PTS) (Thomas 1 AST),Made Shot,Jump Shot,1,3,39,0022300084
0022300084,49,PT07M24.00S,1,1610612742,DAL,1641726,Lively II,D. Lively II,5,10,1,Made,1,11,7,18,h,Lively II 1' Cutting Layup Shot (3 PTS) (Irving 1 AST),Made Shot,Cutting Layup Shot,1,2,40,0022300084
0022300084,51,PT07M13.00S,1,1610612751,BKN,1628969,Bridges,M. Bridges,110,223,25,Made,1,11,10,21,v,Bridges 25' 3PT Jump Shot (6 PTS) (Simmons 1 AST),Made Shot,Jump Shot,1,3,41,0022300084
0022300084,53,PT07M00.00S,1,1610612742,DAL,202681,Irving,K. Irving,116,227,25,Missed,1,,,0,h,MISS Irving 25' 3PT Jump Shot,Missed Shot,Jump Shot,1,3,42,0022300084
0022300084,54,PT06M56.00S,1,1610612751,BKN,1630560,Thomas,C. Thomas,0,0,0,,0,,,0,v,Thomas REBOUND (Off:0 Def:2),Rebound,Unknown,1,0,43,0022300084
0022300084,55,PT06M38.00S,1,1610612751,BKN,203915,Dinwiddie,S. Dinwiddie,-4,-6,1,Made,1,11,12,23,v,Dinwiddie 1' Driving Dunk (2 PTS),Made Shot,Driving Dunk Shot,1,2,44,0022300084
0022300084,56,PT06M26.00S,1,1610612742,DAL,1629029,Dončić,L. Dončić,-181,184,26,Made,1,14,12,26,h,Doncic 26' 3PT Step Back Jump Shot (9 PTS),Made Shot,Step Back Jump shot,1,3,45,0022300084
0022300084,57,PT06M08.00S,1,1610612751,BKN,1628969,Bridges,M. Bridges,6,13,1,Made,1,14,14,28,v,Bridges 1' Cutting Layup Shot (8 PTS) (Dinwiddie 1 AST),Made Shot,Cutting Layup Shot,1,2,46,0022300084
0022300084,59,PT05M50.00S,1,1610612751,BKN,1627827,Finney-Smith,D. Finney-Smith,0,0,0,,0,,,0,v,Finney-Smith P.FOUL (P1.T3) (D.Scott),Foul,Personal,1,0,47,0022300084
0022300084,61,PT05M50.00S,1,1610612742,DAL,202681,Irving,K. Irving,0,0,0,,0,,,0,h,SUB: Green FOR Irving,Substitution,,0,0,48,0022300084
0022300084,62,PT05M50.00S,1,1610612742,DAL,1627884,Jones Jr.,D. Jones Jr.,0,0,0,,0,,,0,h,SUB: Hardaway Jr. FOR Jones Jr.,Substitution,,0,0,49,0022300084
0022300084,63,PT05M50.00S,1,1610612751,BKN,1627732,Simmons,B. Simmons,0,0,0,,0,,,0,v,SUB: O'Neale FOR Simmons,Substitution,,0,0,50,0022300084
0022300084,67,PT05M34.00S,1,1610612742,DAL,203501,Hardaway Jr.,T. Hardaway Jr.,-181,89,20,Made,1,16,14,30,h,Hardaway Jr. 20' Pullup Jump Shot (2 PTS) (Doncic 1 AST),Made Shot,Pullup Jump shot,1,2,51,0022300084
0022300084,69,PT05M14.00S,1,1610612742,DAL,1629684,Williams,G. Williams,0,0,0,,0,,,0,h,Williams P.FOUL (P1.T1) (J.Tiven),Foul,Personal,1,0,52,0022300084
0022300084,71,PT05M14.00S,1,1610612742,DAL,1641726,Lively II,D. Lively II,0,0,0,,0,,,0,h,SUB: Kleber FOR Lively II,Substitution,,0,0,53,0022300084
0022300084,72,PT05M14.00S,1,1610612751,BKN,1630560,Thomas,C. Thomas,0,0,0,,0,,,0,v,SUB: Walker IV FOR Thomas,Substitution,,0,0,54,0022300084
0022300084,75,PT05M02.00S,1,1610612751,BKN,203915,Dinwiddie,S. Dinwiddie,-4,253,25,Made,1,16,17,33,v,Dinwiddie 25' 3PT Pullup Jump Shot (5 PTS),Made Shot,Pullup Jump shot,1,3,55,0022300084
0022300084,76,PT04M45.00S,1,1610612742,DAL,1630182,Green,J. Green,142,221,26,Missed,1,,,0,h,MISS Green 26' 3PT Jump Shot,Missed Shot,Jump Shot,1,3,56,0022300084
0022300084,77,PT04M43.00S,1,1610612751,BKN,1628969,Bridges,M. Bridges,0,0,0,,0,,,0,v,Bridges REBOUND (Off:1 Def:2),Rebound,Unknown,1,0,57,0022300084
0022300084,78,PT04M39.00S,1,1610612742,DAL,1629029,Dončić,L. Dončić,0,0,0,,0,,,0,h,Doncic P.FOUL (P1.T2) (D.Scott),Foul,Personal,1,0,58,0022300084
0022300084,80,PT04M27.00S,1,1610612751,BKN,1628969,Bridges,M. Bridges,-86,249,26,Missed,1,,,0,v,MISS Bridges 26' 3PT Pullup Jump Shot,Missed Shot,Pullup Jump shot,1,3,59,0022300084
0022300084,81,PT04M24.00S,1,1610612742,DAL,1629684,Williams,G. Williams,0,0,0,,0,,,0,h,Williams REBOUND (Off:0 Def:3),Rebound,Unknown,1,0,60,0022300084
0022300084,82,PT04M19.00S,1,1610612742,DAL,1629029,Dončić,L. Dončić,40,252,26,Missed,1,,,0,h,MISS Doncic 26' 3PT Running Jump Shot,Missed Shot,Running Jump Shot,1,3,61,0022300084
0022300084,83,PT04M16.00S,1,1610612751,BKN,1627827,Finney-Smith,D. Finney-Smith,0,0,0,,0,,,0,v,Finney-Smith REBOUND (Off:0 Def:2),Rebound,Unknown,1,0,62,0022300084
0022300084,84,PT04M09.00S,1,1610612751,BKN,1629022,Walker IV,L. Walker IV,228,-10,0,Missed,1,,,0,v,MISS Walker IV 3PT Jump Shot,Missed Shot,Jump Shot,1,3,63,0022300084
0022300084,85,PT04M06.00S,1,1610612742,DAL,1628467,Kleber,M. Kleber,0,0,0,,0,,,0,h,Kleber REBOUND (Off:0 Def:1),Rebound,Unknown,1,0,64,0022300084
0022300084,86,PT04M02.00S,1,1610612742,DAL,203501,Hardaway Jr.,T. Hardaway Jr.,44,30,5,Made,1,18,17,35,h,Hardaway Jr. 5' Driving Floating Bank Jump Shot (4 PTS),Made Shot,Driving Floating Bank Jump Shot,1,2,65,0022300084
0022300084,87,PT04M02.00S,1,1610612751,BKN,1628969,Bridges,M. Bridges,0,0,0,,0,,,0,v,Bridges S.FOUL (P1.T4) (T.Ford),Foul,Shooting,1,0,66,0022300084
0022300084,89,PT04M02.00S,1,1610612742,DAL,1629684,Williams,G. Williams,0,0,0,,0,,,0,h,SUB: Exum FOR Williams,Substitution,,0,0,67,0022300084
0022300084,90,PT04M02.00S,1,1610612742,DAL,1629029,Dončić,L. Dončić,0,0,0,,0,,,0,h,SUB: Irving FOR Doncic,Substitution,,0,0,68,0022300084
0022300084,91,PT04M02.00S,1,1610612751,BKN,1627827,Finney-Smith,D. Finney-Smith,0,0,0,,0,,,0,v,SUB: Sharpe FOR Finney-Smith,Substitution,,0,0,69,0022300084
0022300084,95,PT04M02.00S,1,1610612742,DAL,203501,Hardaway Jr.,T. Hardaway Jr.,0,0,0,,0,19,17,36,h,Hardaway Jr. Free Throw 1 of 1 (5 PTS),Free Throw,Free Throw 1 of 1,0,0,70,0022300084
0022300084,96,PT03M50.00S,1,1610612751,BKN,1628969,Bridges,M. Bridges,107,120,16,Made,1,19,19,38,v,Bridges 16' Pullup Jump Shot (10 PTS),Made Shot,Pullup Jump shot,1,2,71,0022300084
0022300084,97,PT03M37.00S,1,1610612742,DAL,203501,Hardaway Jr.,T. Hardaway Jr.,-125,19,13,Missed,1,,,0,h,MISS Hardaway Jr. 13' Turnaround Fadeaway Shot,Missed Shot,Turnaround Fadeaway shot,1,2,72,0022300084
0022300084,98,PT03M37.00S,1,1610612751,BKN,1630549,Sharpe,D. Sharpe,0,0,0,,0,,,0,v,Sharpe REBOUND (Off:0 Def:1),Rebound,Unknown,1,0,73,0022300084
0022300084,99,PT03M23.00S,1,1610612751,BKN,1630549,Sharpe,D. Sharpe,-32,29,4,Made,1,19,21,40,v,Sharpe 4' Driving Layup (2 PTS) (Bridges 2 AST),Made Shot,Driving Layup Shot,1,2,74,0022300084
0022300084,101,PT03M23.00S,1,0,,1610612742,,,0,0,0,,0,,,0,h,MAVERICKS Timeout: Regular (Full 1 Short 0),Timeout,Regular,0,0,75,0022300084
0022300084,102,PT03M16.00S,1,1610612742,DAL,202681,Irving,K. Irving,132,243,28,Made,1,22,21,43,h,Irving 28' 3PT Jump Shot (3 PTS) (Green 1 AST),Made Shot,Jump Shot,0,3,76,0022300084
0022300084,104,PT02M59.00S,1,1610612751,BKN,1629022,Walker IV,L. Walker IV,0,0,0,,0,,,0,v,Walker IV Offensive Charge Foul (P1) (T.Ford),Foul,Offensive Charge,1,0,77,0022300084
0022300084,106,PT02M59.00S,1,1610612751,BKN,1629022,Walker IV,L. Walker IV,0,0,0,,0,,,0,v,Walker IV Offensive Foul Turnover (P1.T2),Turnover,Offensive Foul Turnover,1,0,78,0022300084
0022300084,107,PT02M59.00S,1,1610612751,BKN,1628969,Bridges,M. Bridges,0,0,0,,0,,,0,v,SUB: Smith Jr. FOR Bridges,Substitution,,0,0,79,0022300084
0022300084,109,PT02M47.00S,1,1610612742,DAL,1628467,Kleber,M. Kleber,70,41,8,Missed,1,,,0,h,MISS Kleber 8' Pullup Jump Shot,Missed Shot,Pullup Jump shot,1,2,80,0022300084
0022300084,110,PT02M46.00S,1,1610612742,DAL,1630182,Green,J. Green,0,0,0,,0,,,0,h,Green REBOUND (Off:1 Def:0),Rebound,Unknown,1,0,81,0022300084
0022300084,111,PT02M44.00S,1,1610612742,DAL,1630182,Green,J. Green,12,14,2,Missed,1,,,0,h,MISS Green 2' Putback Layup,Missed Shot,Putback Layup Shot,1,2,82,0022300084
0022300084,112,PT02M42.00S,1,1610612742,DAL,1628467,Kleber,M. Kleber,0,0,0,,0,,,0,h,Kleber REBOUND (Off:1 Def:1),Rebound,Unknown,1,0,83,0022300084
0022300084,113,PT02M40.00S,1,1610612742,DAL,1628467,Kleber,M. Kleber,0,0,0,Missed,1,,,0,h,MISS Kleber Tip Layup Shot,Missed Shot,Tip Layup Shot,1,2,84,0022300084
0022300084,114,PT02M40.00S,1,1610612751,BKN,203915,Dinwiddie,S. Dinwiddie,0,0,0,,0,,,0,v,Dinwiddie REBOUND (Off:0 Def:1),Rebound,Unknown,1,0,85,0022300084
0022300084,115,PT02M39.00S,1,1610612751,BKN,1630549,Sharpe,D. Sharpe,0,0,0,,0,,,0,v,Sharpe OFF.Foul (P1) (T.Ford),Foul,Offensive,1,0,86,0022300084
0022300084,117,PT02M39.00S,1,1610612751,BKN,1630549,Sharpe,D. Sharpe,0,0,0,,0,,,0,v,Sharpe Offensive Foul Turnover (P1.T3),Turnover,Offensive Foul Turnover,1,0,87,0022300084
0022300084,118,PT02M22.00S,1,1610612742,DAL,203957,Exum,D. Exum,114,225,25,Missed,1,,,0,h,MISS Exum 25' 3PT Jump Shot,Missed Shot,Jump Shot,1,3,88,0022300084
0022300084,119,PT02M19.00S,1,1610612751,BKN,1626220,O'Neale,R. O'Neale,0,0,0,,0,,,0,v,O'Neale REBOUND (Off:0 Def:1),Rebound,Unknown,1,0,89,0022300084
0022300084,120,PT02M10.00S,1,1610612751,BKN,203915,Dinwiddie,S. Dinwiddie,54,18,6,Missed,1,,,0,v,MISS Dinwiddie 6' Driving Floating Bank Jump Shot,Missed Shot,Driving Floating Bank Jump Shot,1,2,90,0022300084
0022300084,121,PT02M09.00S,1,1610612751,BKN,1630549,Sharpe,D. Sharpe,0,0,0,,0,,,0,v,Sharpe REBOUND (Off:1 Def:1),Rebound,Unknown,1,0,91,0022300084
0022300084,175,PT02M06.00S,1,1610612751,BKN,1630549,Sharpe,D. Sharpe,98,45,11,Missed,1,,,0,v,MISS Sharpe 11' Putback Dunk,Missed Shot,Putback Dunk Shot,1,2,92,0022300084
0022300084,175,PT02M06.00S,1,1610612742,DAL,203957,Exum,D. Exum,0,0,0,,0,,,0,h,Exum BLOCK (1 BLK),,,1,2,93,0022300084
0022300084,177,PT02M05.00S,1,1610612751,BKN,1630549,Sharpe,D. Sharpe,0,0,0,,0,,,0,v,Sharpe REBOUND (Off:2 Def:1),Rebound,Unknown,1,0,94,0022300084
0022300084,122,PT02M04.00S,1,1610612751,BKN,1626220,O'Neale,R. O'Neale,-77,265,28,Missed,1,,,0,v,MISS O'Neale 28' 3PT Jump Shot,Missed Shot,Jump Shot,1,3,95,0022300084
0022300084,123,PT02M01.00S,1,1610612742,DAL,1628467,Kleber,M. Kleber,0,0,0,,0,,,0,h,Kleber REBOUND (Off:1 Def:2),Rebound,Unknown,1,0,96,0022300084
0022300084,124,PT01M55.00S,1,1610612742,DAL,203501,Hardaway Jr.,T. Hardaway Jr.,0,0,0,,0,,,0,h,Hardaway Jr. Lost Ball Turnover (P1.T1),Turnover,Lost Ball,1,0,97,0022300084
0022300084,124,PT01M55.00S,1,1610612751,BKN,1630549,Sharpe,D. Sharpe,0,0,0,,0,,,0,v,Sharpe STEAL (1 STL),,,1,0,98,0022300084
0022300084,126,PT01M51.00S,1,1610612751,BKN,1629022,Walker IV,L. Walker IV,-17,264,26,Made,1,22,24,46,v,Walker IV 26' 3PT Running Jump Shot (3 PTS),Made Shot,Running Jump Shot,1,3,99,0022300084
0022300084,127,PT01M35.00S,1,1610612742,DAL,202681,Irving,K. Irving,-17,8,2,Missed,1,,,0,h,MISS Irving 2' Driving Layup,Missed Shot,Driving Layup Shot,1,2,100,0022300084
0022300084,128,PT01M35.00S,1,0,,1610612742,,,0,0,0,,0,,,0,h,MAVERICKS Rebound,Rebound,Unknown,1,0,101,0022300084
0022300084,130,PT01M29.00S,1,1610612742,DAL,202681,Irving,K. Irving,31,218,22,Missed,1,,,0,h,MISS Irving 22' Jump Shot,Missed Shot,Jump Shot,1,2,102,0022300084
0022300084,131,PT01M26.00S,1,1610612751,BKN,1630549,Sharpe,D. Sharpe,0,0,0,,0,,,0,v,Sharpe REBOUND (Off:2 Def:2),Rebound,Unknown,1,0,103,0022300084
0022300084,132,PT01M13.00S,1,1610612742,DAL,203501,Hardaway Jr.,T. Hardaway Jr.,0,0,0,,0,,,0,h,Hardaway Jr. P.FOUL (P1.T3) (D.Scott),Foul,Personal,1,0,104,0022300084
0022300084,134,PT01M00.00S,1,1610612751,BKN,1630549,Sharpe,D. Sharpe,0,0,0,,0,,,0,v,Sharpe 3 Second Violation Turnover (P2.T4),Turnover,3 Second Violation,1,0,105,0022300084
0022300084,135,PT00M45.70S,1,1610612742,DAL,203501,Hardaway Jr.,T. Hardaway Jr.,-234,17,0,Missed,1,,,0,h,MISS Hardaway Jr. 3PT Jump Shot,Missed Shot,Jump Shot,1,3,106,0022300084
0022300084,136,PT00M43.20S,1,1610612751,BKN,203915,Dinwiddie,S. Dinwiddie,0,0,0,,0,,,0,v,Dinwiddie REBOUND (Off:0 Def:2),Rebound,Unknown,1,0,107,0022300084
0022300084,137,PT00M37.00S,1,1610612742,DAL,203501,Hardaway Jr.,T. Hardaway Jr.,0,0,0,,0,,,0,h,Hardaway Jr. S.FOUL (P2.PN) (J.Tiven),Foul,Shooting,1,0,108,0022300084
0022300084,139,PT00M37.00S,1,1610612751,BKN,203915,Dinwiddie,S. Dinwiddie,0,0,0,,0,,,0,v,MISS Dinwiddie Free Throw 1 of 2,Free Throw,Free Throw 1 of 2,1,0,109,0022300084
0022300084,140,PT00M37.00S,1,0,,1610612751,,,0,0,0,,0,,,0,v,Nets Rebound,Rebound,Normal Rebound,1,0,110,0022300084
0022300084,141,PT00M37.00S,1,1610612751,BKN,1630549,Sharpe,D. Sharpe,0,0,0,,0,,,0,v,SUB: Finney-Smith FOR Sharpe,Substitution,,0,0,111,0022300084
0022300084,143,PT00M37.00S,1,1610612751,BKN,203915,Dinwiddie,S. Dinwiddie,0,0,0,,0,22,25,47,v,Dinwiddie Free Throw 2 of 2 (6 PTS),Free Throw,Free Throw 2 of 2,1,0,112,0022300084
0022300084,144,PT00M31.70S,1,1610612742,DAL,202681,Irving,K. Irving,26,15,3,Made,1,24,25,49,h,Irving 3' Driving Layup (5 PTS),Made Shot,Driving Layup Shot,1,2,113,0022300084
0022300084,145,PT00M18.60S,1,1610612751,BKN,1628372,Smith Jr.,D. Smith Jr.,13,20,2,Missed,1,,,0,v,MISS Smith Jr. 2' Driving Layup,Missed Shot,Driving Layup Shot,1,2,114,0022300084
0022300084,146,PT00M16.90S,1,1610612751,BKN,1626220,O'Neale,R. O'Neale,0,0,0,,0,,,0,v,O'Neale REBOUND (Off:1 Def:1),Rebound,Unknown,1,0,115,0022300084
0022300084,147,PT00M15.90S,1,1610612751,BKN,1626220,O'Neale,R. O'Neale,0,0,0,,0,,,0,v,O'Neale Lost Ball Turnover (P1.T5),Turnover,Lost Ball,1,0,116,0022300084
0022300084,147,PT00M15.90S,1,1610612742,DAL,203957,Exum,D. Exum,0,0,0,,0,,,0,h,Exum STEAL (1 STL),,,1,0,117,0022300084
0022300084,149,PT00M13.10S,1,1610612742,DAL,203957,Exum,D. Exum,-5,11,1,Made,1,26,25,51,h,Exum 1' Running Dunk (2 PTS),Made Shot,Running Dunk Shot,1,2,118,0022300084
0022300084,150,PT00M01.90S,1,1610612751,BKN,203915,Dinwiddie,S. Dinwiddie,200,153,25,Missed,1,,,0,v,MISS Dinwiddie 25' 3PT Step Back Bank Jump Shot,Missed Shot,Step Back Bank Jump Shot,1,3,119,0022300084
0022300084,151,PT00M01.90S,1,0,,1610612751,,,0,0,0,,0,,,0,v,Nets Rebound,Rebound,Unknown,1,0,120,0022300084
0022300084,152,PT00M00.00S,1,0,,0,,,0,0,0,,0,26,25,51,,End of 1st Period (9:07 PM EST),period,end,1,0,121,0022300084
0022300084,161,PT12M00.00S,2,0,,0,,,0,0,0,,0,26,25,51,,Start of 2nd Period (9:09 PM EST),period,start,0,0,122,0022300084
0022300084,162,PT11M37.00S,2,1610612742,DAL,1629029,Dončić,L. Dončić,1,62,6,Missed,1,,,0,h,MISS Doncic 6' Fadeaway Jumper,Missed Shot,Fadeaway Jump Shot,0,2,123,0022300084
0022300084,163,PT11M35.00S,2,1610612751,BKN,1628372,Smith Jr.,D. Smith Jr.,0,0,0,,0,,,0,v,Smith Jr. REBOUND (Off:0 Def:1),Rebound,Unknown,0,0,124,0022300084
0022300084,164,PT11M30.00S,2,1610612751,BKN,1627827,Finney-Smith,D. Finney-Smith,194,162,25,Made,1,26,28,54,v,Finney-Smith 25' 3PT Running Jump Shot (3 PTS) (Smith Jr. 1 AST),Made Shot,Running Jump Shot,0,3,125,0022300084
0022300084,166,PT11M19.00S,2,1610612742,DAL,203501,Hardaway Jr.,T. Hardaway Jr.,12,-1,1,Made,1,28,28,56,h,Hardaway Jr. 1' Driving Layup (7 PTS),Made Shot,Driving Layup Shot,0,2,126,0022300084
0022300084,167,PT10M59.00S,2,1610612751,BKN,1629022,Walker IV,L. Walker IV,159,199,25,Made,1,28,31,59,v,Walker IV 25' 3PT Step Back Jump Shot (6 PTS) (O'Neale 1 AST),Made Shot,Step Back Jump shot,0,3,127,0022300084
0022300084,169,PT10M40.00S,2,1610612742,DAL,1641726,Lively II,D. Lively II,60,29,7,Made,1,30,31,61,h,Lively II 7' Turnaround Bank Hook Shot (5 PTS) (Kleber 1 AST),Made Shot,Turnaround Bank Hook Shot,1,2,128,0022300084
0022300084,171,PT10M23.00S,2,1610612751,BKN,1627827,Finney-Smith,D. Finney-Smith,-233,0,0,Made,1,30,34,64,v,Finney-Smith 3PT Jump Shot (6 PTS) (Walker IV 1 AST),Made Shot,Jump Shot,1,3,129,0022300084
0022300084,173,PT10M06.00S,2,1610612742,DAL,1641726,Lively II,D. Lively II,-6,1,1,Made,1,32,34,66,h,Lively II 1' Alley Oop Dunk (7 PTS) (Doncic 2 AST),Made Shot,Alley Oop Dunk Shot,1,2,130,0022300084
0022300084,178,PT09M50.00S,2,1610612742,DAL,1641726,Lively II,D. Lively II,0,0,0,,0,,,0,h,MAVERICKS T.Foul (Def. 3 Sec Lively II ) (J.Tiven),Foul,Defense 3 Second,1,0,131,0022300084
0022300084,179,PT09M50.00S,2,1610612751,BKN,1628969,Bridges,M. Bridges,0,0,0,,0,32,35,67,v,Bridges Free Throw Technical (11 PTS),Free Throw,Free Throw Technical,1,0,132,0022300084
0022300084,180,PT09M50.00S,2,1610612751,BKN,1629022,Walker IV,L. Walker IV,0,0,0,,0,,,0,v,SUB: Thomas FOR Walker IV,Substitution,,0,0,133,0022300084
0022300084,182,PT09M41.00S,2,1610612751,BKN,1628969,Bridges,M. Bridges,42,150,16,Missed,1,,,0,v,MISS Bridges 16' Pullup Jump Shot,Missed Shot,Pullup Jump shot,1,2,134,0022300084
0022300084,183,PT09M39.00S,2,1610612742,DAL,1629029,Dončić,L. Dončić,0,0,0,,0,,,0,h,Doncic REBOUND (Off:0 Def:1),Rebound,Unknown,1,0,135,0022300084
0022300084,184,PT09M32.00S,2,1610612742,DAL,1629029,Dončić,L. Dončić,-145,220,26,Missed,1,,,0,h,MISS Doncic 26' 3PT Jump Shot,Missed Shot,Jump Shot,1,3,136,0022300084
0022300084,185,PT09M29.00S,2,1610612742,DAL,1629029,Dončić,L. Dončić,0,0,0,,0,,,0,h,Doncic REBOUND (Off:1 Def:1),Rebound,Unknown,1,0,137,0022300084
0022300084,186,PT09M29.00S,2,1610612751,BKN,1626220,O'Neale,R. O'Neale,0,0,0,,0,,,0,v,O'Neale S.FOUL (P1.T1) (T.Ford),Foul,Shooting,1,0,138,0022300084
0022300084,188,PT09M29.00S,2,1610612742,DAL,1629029,Dončić,L. Dončić,0,0,0,,0,33,35,68,h,Doncic Free Throw 1 of 2 (10 PTS),Free Throw,Free Throw 1 of 2,1,0,139,0022300084
0022300084,189,PT09M29.00S,2,1610612742,DAL,1629029,Dončić,L. Dončić,0,0,0,,0,34,35,69,h,Doncic Free Throw 2 of 2 (11 PTS),Free Throw,Free Throw 2 of 2,1,0,140,0022300084
0022300084,190,PT09M17.00S,2,1610612751,BKN,1628969,Bridges,M. Bridges,62,169,18,Missed,1,,,0,v,MISS Bridges 18' Fadeaway Jumper,Missed Shot,Fadeaway Jump Shot,1,2,141,0022300084
0022300084,191,PT09M15.00S,2,1610612742,DAL,1629029,Dončić,L. Dončić,0,0,0,,0,,,0,h,Doncic REBOUND (Off:1 Def:2),Rebound,Unknown,1,0,142,0022300084
0022300084,192,PT09M07.00S,2,1610612742,DAL,1629029,Dončić,L. Dončić,32,14,3,Missed,1,,,0,h,MISS Doncic 3' Driving Floating Bank Jump Shot,Missed Shot,Driving Floating Bank Jump Shot,1,2,143,0022300084
0022300084,193,PT09M05.00S,2,1610612751,BKN,1630560,Thomas,C. Thomas,0,0,0,,0,,,0,v,Thomas REBOUND (Off:0 Def:3),Rebound,Unknown,1,0,144,0022300084
0022300084,194,PT08M58.00S,2,1610612751,BKN,1630560,Thomas,C. Thomas,-5,0,1,Made,1,34,37,71,v,Thomas 1' Driving Layup (4 PTS),Made Shot,Driving Layup Shot,1,2,145,0022300084
0022300084,195,PT08M52.00S,2,1610612742,DAL,203501,Hardaway Jr.,T. Hardaway Jr.,161,221,27,Made,1,37,37,74,h,Hardaway Jr. 27' 3PT Pullup Jump Shot (10 PTS) (Doncic 3 AST),Made Shot,Pullup Jump shot,1,3,146,0022300084
0022300084,197,PT08M31.00S,2,1610612751,BKN,1628372,Smith Jr.,D. Smith Jr.,0,0,0,,0,,,0,v,Smith Jr. OFF.Foul (P1) (J.Tiven),Foul,Offensive,1,0,147,0022300084
0022300084,199,PT08M31.00S,2,1610612751,BKN,1628372,Smith Jr.,D. Smith Jr.,0,0,0,,0,,,0,v,Smith Jr. Offensive Foul Turnover (P1.T6),Turnover,Offensive Foul Turnover,1,0,148,0022300084
0022300084,200,PT08M31.00S,2,1610612751,BKN,1628372,Smith Jr.,D. Smith Jr.,0,0,0,,0,,,0,v,SUB: Simmons FOR Smith Jr.,Substitution,,0,0,149,0022300084
0022300084,202,PT08M16.00S,2,1610612742,DAL,1629029,Dončić,L. Dončić,33,120,12,Made,1,39,37,76,h,Doncic 12' Driving Floating Jump Shot (13 PTS),Made Shot,Driving Floating Jump Shot,1,2,150,0022300084
0022300084,203,PT07M57.00S,2,1610612751,BKN,1627827,Finney-Smith,D. Finney-Smith,233,-16,0,Made,1,39,40,79,v,Finney-Smith 3PT Jump Shot (9 PTS) (Simmons 2 AST),Made Shot,Jump Shot,1,3,151,0022300084
0022300084,205,PT07M42.00S,2,1610612742,DAL,1629029,Dončić,L. Dončić,103,147,18,Missed,1,,,0,h,MISS Doncic 18' Jump Shot,Missed Shot,Jump Shot,1,2,152,0022300084
0022300084,206,PT07M40.00S,2,1610612742,DAL,1641726,Lively II,D. Lively II,0,0,0,,0,,,0,h,Lively II REBOUND (Off:1 Def:1),Rebound,Unknown,1,0,153,0022300084
0022300084,207,PT07M39.00S,2,1610612742,DAL,1641726,Lively II,D. Lively II,0,0,0,,0,,,0,h,Lively II Bad Pass Turnover (P1.T2),Turnover,Bad Pass,1,0,154,0022300084
0022300084,207,PT07M39.00S,2,1610612751,BKN,1630560,Thomas,C. Thomas,0,0,0,,0,,,0,v,Thomas STEAL (1 STL),,,1,0,155,0022300084
0022300084,209,PT07M36.00S,2,1610612751,BKN,1627827,Finney-Smith,D. Finney-Smith,0,0,0,,0,,,0,v,Finney-Smith Offensive Charge Foul (P2) (D.Scott),Foul,Offensive Charge,1,0,156,0022300084
0022300084,211,PT07M36.00S,2,1610612751,BKN,1627827,Finney-Smith,D. Finney-Smith,0,0,0,,0,,,0,v,Finney-Smith Offensive Foul Turnover (P1.T7),Turnover,Offensive Foul Turnover,1,0,157,0022300084
0022300084,212,PT07M36.00S,2,1610612742,DAL,1628467,Kleber,M. Kleber,0,0,0,,0,,,0,h,SUB: Jones Jr. FOR Kleber,Substitution,,0,0,158,0022300084
0022300084,214,PT07M23.00S,2,1610612742,DAL,203552,Curry,S. Curry,-112,135,18,Made,1,41,40,81,h,Curry 18' Pullup Jump Shot (2 PTS),Made Shot,Pullup Jump shot,1,2,159,0022300084
0022300084,215,PT07M11.00S,2,1610612751,BKN,1627827,Finney-Smith,D. Finney-Smith,-81,246,26,Missed,1,,,0,v,MISS Finney-Smith 26' 3PT Jump Shot,Missed Shot,Jump Shot,1,3,160,0022300084
0022300084,216,PT07M07.00S,2,1610612742,DAL,203501,Hardaway Jr.,T. Hardaway Jr.,0,0,0,,0,,,0,h,Hardaway Jr. REBOUND (Off:0 Def:1),Rebound,Unknown,1,0,161,0022300084
0022300084,217,PT07M00.00S,2,1610612742,DAL,203552,Curry,S. Curry,0,0,0,,0,,,0,h,Curry OFF.Foul (P1) (T.Ford),Foul,Offensive,1,0,162,0022300084
0022300084,219,PT07M00.00S,2,1610612742,DAL,203552,Curry,S. Curry,0,0,0,,0,,,0,h,Curry Offensive Foul Turnover (P1.T3),Turnover,Offensive Foul Turnover,1,0,163,0022300084
0022300084,220,PT07M00.00S,2,1610612742,DAL,1641726,Lively II,D. Lively II,0,0,0,,0,,,0,h,SUB: Williams FOR Lively II,Substitution,,0,0,164,0022300084
0022300084,221,PT07M00.00S,2,1610612742,DAL,203501,Hardaway Jr.,T. Hardaway Jr.,0,0,0,,0,,,0,h,SUB: Powell FOR Hardaway Jr.,Substitution,,0,0,165,0022300084
0022300084,224,PT06M38.00S,2,1610612751,BKN,1630560,Thomas,C. Thomas,11,217,22,Missed,1,,,0,v,MISS Thomas 22' Step Back Jump Shot,Missed Shot,Step Back Jump shot,1,2,166,0022300084
0022300084,225,PT06M35.00S,2,1610612742,DAL,1629029,Dončić,L. Dončić,0,0,0,,0,,,0,h,Doncic REBOUND (Off:1 Def:3),Rebound,Unknown,1,0,167,0022300084
0022300084,226,PT06M30.00S,2,1610612742,DAL,1627884,Jones Jr.,D. Jones Jr.,5,8,1,Made,1,43,40,83,h,Jones Jr. 1' Running Layup (2 PTS) (Doncic 4 AST),Made Shot,Running Layup Shot,1,2,168,0022300084
0022300084,228,PT06M28.00S,2,0,,1610612751,,,0,0,0,,0,,,0,v,Nets Timeout: Regular (Reg.2 Short 0),Timeout,Regular,0,0,169,0022300084
0022300084,229,PT06M21.00S,2,1610612751,BKN,1627827,Finney-Smith,D. Finney-Smith,0,0,0,,0,,,0,v,Finney-Smith OFF.Foul (P3) (J.Tiven),Foul,Offensive,1,0,170,0022300084
0022300084,231,PT06M21.00S,2,1610612751,BKN,1627827,Finney-Smith,D. Finney-Smith,0,0,0,,0,,,0,v,Finney-Smith Offensive Foul Turnover (P2.T8),Turnover,Offensive Foul Turnover,1,0,171,0022300084
0022300084,233,PT06M04.00S,2,1610612742,DAL,1629029,Dončić,L. Dončić,-49,40,6,Made,1,45,40,85,h,Doncic 6' Pullup Jump Shot (15 PTS),Made Shot,Pullup Jump shot,1,2,172,0022300084
0022300084,234,PT05M45.00S,2,1610612751,BKN,1627827,Finney-Smith,D. Finney-Smith,53,8,5,Missed,1,,,0,v,MISS Finney-Smith 5' Driving Layup,Missed Shot,Driving Layup Shot,1,2,173,0022300084
0022300084,235,PT05M43.00S,2,1610612751,BKN,1627827,Finney-Smith,D. Finney-Smith,0,0,0,,0,,,0,v,Finney-Smith REBOUND (Off:1 Def:2),Rebound,Unknown,1,0,174,0022300084
0022300084,236,PT05M36.00S,2,1610612751,BKN,1628969,Bridges,M. Bridges,-124,7,12,Missed,1,,,0,v,MISS Bridges 12' Fadeaway Jumper,Missed Shot,Fadeaway Jump Shot,1,2,175,0022300084
0022300084,237,PT05M34.00S,2,1610612742,DAL,1629029,Dončić,L. Dončić,0,0,0,,0,,,0,h,Doncic REBOUND (Off:1 Def:4),Rebound,Unknown,1,0,176,0022300084
0022300084,238,PT05M21.00S,2,1610612742,DAL,1629684,Williams,G. Williams,0,0,0,,0,,,0,h,Williams Out of Bounds Lost Ball Turnover (P1.T4),Turnover,Out of Bounds Lost Ball Turnover,1,0,177,0022300084
0022300084,239,PT05M21.00S,2,1610612742,DAL,1629029,Dončić,L. Dončić,0,0,0,,0,,,0,h,SUB: Irving FOR Doncic,Substitution,,0,0,178,0022300084
0022300084,240,PT05M21.00S,2,1610612751,BKN,1627827,Finney-Smith,D. Finney-Smith,0,0,0,,0,,,0,v,SUB: Dinwiddie FOR Finney-Smith,Substitution,,0,0,179,0022300084
0022300084,243,PT05M08.00S,2,1610612751,BKN,1626220,O'Neale,R. O'Neale,-235,48,24,Missed,1,,,0,v,MISS O'Neale 24' 3PT Jump Shot,Missed Shot,Jump Shot,1,3,180,0022300084
0022300084,244,PT05M05.00S,2,1610612742,DAL,202681,Irving,K. Irving,0,0,0,,0,,,0,h,Irving REBOUND (Off:0 Def:2),Rebound,Unknown,1,0,181,0022300084
0022300084,245,PT04M52.00S,2,1610612742,DAL,202681,Irving,K. Irving,-88,143,17,Missed,1,,,0,h,MISS Irving 17' Pullup Jump Shot,Missed Shot,Pullup Jump shot,1,2,182,0022300084
0022300084,246,PT04M50.00S,2,1610612751,BKN,1630560,Thomas,C. Thomas,0,0,0,,0,,,0,v,Thomas REBOUND (Off:0 Def:4),Rebound,Unknown,1,0,183,0022300084
0022300084,247,PT04M43.00S,2,1610612751,BKN,1630560,Thomas,C. Thomas,-70,96,12,Missed,1,,,0,v,MISS Thomas 12' Fadeaway Jumper,Missed Shot,Fadeaway Jump Shot,1,2,184,0022300084
0022300084,248,PT04M41.00S,2,1610612742,DAL,202681,Irving,K. Irving,0,0,0,,0,,,0,h,Irving REBOUND (Off:0 Def:3),Rebound,Unknown,1,0,185,0022300084
0022300084,307,PT04M35.00S,2,1610612742,DAL,1627884,Jones Jr.,D. Jones Jr.,72,-19,7,Missed,1,,,0,h,MISS Jones Jr. 7' Driving Layup,Missed Shot,Driving Layup Shot,1,2,186,0022300084
0022300084,308,PT04M34.00S,2,1610612742,DAL,203939,Powell,D. Powell,0,0,0,,0,,,0,h,Powell REBOUND (Off:1 Def:0),Rebound,Unknown,1,0,187,0022300084
0022300084,286,PT04M30.00S,2,1610612742,DAL,1627884,Jones Jr.,D. Jones Jr.,0,0,0,,0,,,0,h,Jones Jr. Lost Ball Turnover (P1.T5),Turnover,Lost Ball,1,0,188,0022300084
0022300084,286,PT04M30.00S,2,1610612751,BKN,1627732,Simmons,B. Simmons,0,0,0,,0,,,0,v,Simmons STEAL (1 STL),,,1,0,189,0022300084
0022300084,254,PT04M19.00S,2,1610612751,BKN,1627732,Simmons,B. Simmons,38,32,5,Made,1,45,42,87,v,Simmons 5' Turnaround Hook Shot (4 PTS),Made Shot,Turnaround Hook Shot,1,2,190,0022300084
0022300084,255,PT03M58.00S,2,1610612742,DAL,202681,Irving,K. Irving,18,10,2,Missed,1,,,0,h,MISS Irving 2' Driving Layup,Missed Shot,Driving Layup Shot,1,2,191,0022300084
0022300084,257,PT03M55.00S,2,1610612751,BKN,203915,Dinwiddie,S. Dinwiddie,0,0,0,,0,,,0,v,Dinwiddie REBOUND (Off:0 Def:3),Rebound,Unknown,1,0,192,0022300084
0022300084,258,PT03M52.00S,2,1610612751,BKN,1630560,Thomas,C. Thomas,1,0,0,Made,1,45,44,89,v,Thomas Running Layup (6 PTS) (Dinwiddie 2 AST),Made Shot,Running Layup Shot,1,2,193,0022300084
0022300084,260,PT03M36.00S,2,1610612742,DAL,1629684,Williams,G. Williams,121,241,27,Made,1,48,44,92,h,Williams 27' 3PT Jump Shot (5 PTS) (Curry 1 AST),Made Shot,Jump Shot,1,3,194,0022300084
0022300084,262,PT03M14.00S,2,1610612751,BKN,1630560,Thomas,C. Thomas,7,52,5,Made,1,48,46,94,v,Thomas 5' Driving Floating Jump Shot (8 PTS),Made Shot,Driving Floating Jump Shot,1,2,195,0022300084
0022300084,263,PT03M08.00S,2,1610612742,DAL,1629684,Williams,G. Williams,0,0,0,,0,,,0,h,Williams OFF.Foul (P2) (T.Ford),Foul,Offensive,1,0,196,0022300084
0022300084,265,PT03M08.00S,2,1610612742,DAL,1629684,Williams,G. Williams,0,0,0,,0,,,0,h,Williams Offensive Foul Turnover (P2.T6),Turnover,Offensive Foul Turnover,1,0,197,0022300084
0022300084,266,PT03M08.00S,2,1610612742,DAL,203552,Curry,S. Curry,0,0,0,,0,,,0,h,SUB: Doncic FOR Curry,Substitution,,0,0,198,0022300084
0022300084,267,PT03M08.00S,2,1610612742,DAL,1627884,Jones Jr.,D. Jones Jr.,0,0,0,,0,,,0,h,SUB: Green FOR Jones Jr.,Substitution,,0,0,199,0022300084
0022300084,268,PT03M08.00S,2,1610612751,BKN,1628969,Bridges,M. Bridges,0,0,0,,0,,,0,v,SUB: Walker IV FOR Bridges,Substitution,,0,0,200,0022300084
0022300084,272,PT02M48.00S,2,1610612751,BKN,203915,Dinwiddie,S. Dinwiddie,-195,160,25,Made,1,48,49,97,v,Dinwiddie 25' 3PT Jump Shot (9 PTS) (O'Neale 2 AST),Made Shot,Jump Shot,1,3,201,0022300084
0022300084,275,PT02M29.00S,2,1610612742,DAL,1630182,Green,J. Green,16,13,2,Made,1,50,49,99,h,Green 2' Driving Layup (2 PTS) (Doncic 5 AST),Made Shot,Driving Layup Shot,1,2,202,0022300084
0022300084,277,PT02M08.00S,2,1610612751,BKN,203915,Dinwiddie,S. Dinwiddie,-235,36,24,Made,1,50,52,102,v,Dinwiddie 24' 3PT Jump Shot (12 PTS) (Walker IV 2 AST),Made Shot,Jump Shot,1,3,203,0022300084
0022300084,279,PT01M57.00S,2,1610612742,DAL,1630182,Green,J. Green,0,0,0,,0,,,0,h,Green Bad Pass Turnover (P1.T7),Turnover,Bad Pass,1,0,204,0022300084
0022300084,279,PT01M57.00S,2,1610612751,BKN,1627732,Simmons,B. Simmons,0,0,0,,0,,,0,v,Simmons STEAL (2 STL),,,1,0,205,0022300084
0022300084,281,PT01M50.00S,2,1610612751,BKN,1626220,O'Neale,R. O'Neale,230,12,0,Missed,1,,,0,v,MISS O'Neale 3PT Jump Shot,Missed Shot,Jump Shot,1,3,206,0022300084
0022300084,282,PT01M46.00S,2,1610612751,BKN,1627732,Simmons,B. Simmons,0,0,0,,0,,,0,v,Simmons REBOUND (Off:2 Def:1),Rebound,Unknown,1,0,207,0022300084
0022300084,283,PT01M44.00S,2,1610612751,BKN,203915,Dinwiddie,S. Dinwiddie,194,151,25,Made,1,50,55,105,v,Dinwiddie 25' 3PT Jump Shot (15 PTS) (Simmons 3 AST),Made Shot,Jump Shot,1,3,208,0022300084
0022300084,285,PT01M43.00S,2,0,,1610612742,,,0,0,0,,0,,,0,h,MAVERICKS Timeout: Regular (Full 2 Short 0),Timeout,Regular,0,0,209,0022300084
0022300084,288,PT01M43.00S,2,1610612742,DAL,203939,Powell,D. Powell,0,0,0,,0,,,0,h,SUB: Lively II FOR Powell,Substitution,,0,0,210,0022300084
0022300084,290,PT01M36.00S,2,1610612742,DAL,1629029,Dončić,L. Dončić,27,30,4,Made,1,52,55,107,h,Doncic 4' Driving Layup (17 PTS),Made Shot,Driving Layup Shot,1,2,211,0022300084
0022300084,291,PT01M36.00S,2,1610612751,BKN,1626220,O'Neale,R. O'Neale,0,0,0,,0,,,0,v,O'Neale S.FOUL (P2.T2) (D.Scott),Foul,Shooting,1,0,212,0022300084
0022300084,293,PT01M36.00S,2,1610612742,DAL,1629029,Dončić,L. Dončić,0,0,0,,0,,,0,h,MISS Doncic Free Throw 1 of 1,Free Throw,Free Throw 1 of 1,1,0,213,0022300084
0022300084,294,PT01M34.00S,2,1610612751,BKN,1627732,Simmons,B. Simmons,0,0,0,,0,,,0,v,Simmons REBOUND (Off:2 Def:2),Rebound,Unknown,1,0,214,0022300084
0022300084,295,PT01M13.00S,2,1610612751,BKN,1629022,Walker IV,L. Walker IV,0,0,0,,0,,,0,v,Walker IV Offensive Charge Foul (P2) (D.Scott),Foul,Offensive Charge,1,0,215,0022300084
0022300084,297,PT01M13.00S,2,1610612751,BKN,1629022,Walker IV,L. Walker IV,0,0,0,,0,,,0,v,Walker IV Offensive Foul Turnover (P2.T9),Turnover,Offensive Foul Turnover,1,0,216,0022300084
0022300084,298,PT01M00.00S,2,1610612742,DAL,1630182,Green,J. Green,0,0,0,,0,,,0,h,Green Bad Pass Turnover (P2.T8),Turnover,Bad Pass,1,0,217,0022300084
0022300084,298,PT01M00.00S,2,1610612751,BKN,1626220,O'Neale,R. O'Neale,0,0,0,,0,,,0,v,O'Neale STEAL (1 STL),,,1,0,218,0022300084
0022300084,300,PT00M55.50S,2,1610612751,BKN,1630560,Thomas,C. Thomas,-6,-1,1,Made,1,52,57,109,v,Thomas 1' Running Reverse Layup (10 PTS) (Simmons 4 AST),Made Shot,Running Reverse Layup Shot,1,2,219,0022300084
0022300084,302,PT00M37.20S,2,1610612742,DAL,1641726,Lively II,D. Lively II,6,22,2,Made,1,54,57,111,h,Lively II 2' Dunk (9 PTS) (Green 2 AST),Made Shot,Dunk Shot,1,2,220,0022300084
0022300084,304,PT00M17.60S,2,1610612742,DAL,1629684,Williams,G. Williams,0,0,0,,0,,,0,h,Williams S.FOUL (P3.T1) (D.Scott),Foul,Shooting,1,0,221,0022300084
0022300084,306,PT00M17.60S,2,1610612751,BKN,1630560,Thomas,C. Thomas,0,0,0,,0,54,58,112,v,Thomas Free Throw 1 of 2 (11 PTS),Free Throw,Free Throw 1 of 2,1,0,222,0022300084
0022300084,309,PT00M17.60S,2,1610612751,BKN,1629022,Walker IV,L. Walker IV,0,0,0,,0,,,0,v,SUB: Smith Jr. FOR Walker IV,Substitution,,0,0,223,0022300084
0022300084,311,PT00M17.60S,2,1610612751,BKN,1630560,Thomas,C. Thomas,0,0,0,,0,54,59,113,v,Thomas Free Throw 2 of 2 (12 PTS),Free Throw,Free Throw 2 of 2,1,0,224,0022300084
0022300084,312,PT00M02.30S,2,1610612742,DAL,1629029,Dončić,L. Dončić,-129,224,26,Made,1,57,59,116,h,Doncic 26' 3PT Step Back Jump Shot (20 PTS),Made Shot,Step Back Jump shot,1,3,225,0022300084
0022300084,313,PT00M01.00S,2,1610612751,BKN,203915,Dinwiddie,S. Dinwiddie,170,473,50,Missed,1,,,0,v,MISS Dinwiddie 50' 3PT Jump Shot,Missed Shot,Jump Shot,1,3,226,0022300084
0022300084,314,PT00M00.10S,2,0,,1610612751,,,0,0,0,,0,,,0,v,Nets Rebound,Rebound,Unknown,0,0,227,0022300084
0022300084,315,PT00M00.00S,2,0,,0,,,0,0,0,,0,57,59,116,,End of 2nd Period (9:33 PM EST),period,end,1,0,228,0022300084
0022300084,322,PT12M00.00S,3,0,,0,,,0,0,0,,0,57,59,116,,Start of 3rd Period (9:49 PM EST),period,start,0,0,229,0022300084
0022300084,323,PT11M41.00S,3,1610612742,DAL,202681,Irving,K. Irving,-18,92,9,Made,1,59,59,118,h,Irving 9' Floating Jump Shot (7 PTS),Made Shot,Floating Jump shot,1,2,230,0022300084
0022300084,324,PT11M23.00S,3,1610612751,BKN,1628969,Bridges,M. Bridges,-233,14,0,Missed,1,,,0,v,MISS Bridges 3PT Jump Shot,Missed Shot,Jump Shot,1,3,231,0022300084
0022300084,325,PT11M22.00S,3,0,,1610612742,,,0,0,0,,0,,,0,h,MAVERICKS Rebound,Rebound,Unknown,1,0,232,0022300084
0022300084,326,PT11M22.00S,3,1610612751,BKN,1627827,Finney-Smith,D. Finney-Smith,0,0,0,,0,,,0,v,Finney-Smith L.B.FOUL (P4.T1) (J.Tiven),Foul,Loose Ball,1,0,233,0022300084
0022300084,328,PT11M05.00S,3,1610612742,DAL,1627884,Jones Jr.,D. Jones Jr.,-233,29,0,Missed,1,,,0,h,MISS Jones Jr. 3PT Jump Shot,Missed Shot,Jump Shot,1,3,234,0022300084
0022300084,329,PT11M03.00S,3,0,,1610612751,,,0,0,0,,0,,,0,v,Nets Rebound,Rebound,Unknown,1,0,235,0022300084
0022300084,331,PT10M52.00S,3,1610612742,DAL,1627884,Jones Jr.,D. Jones Jr.,0,0,0,,0,,,0,h,Jones Jr. P.FOUL (P1.T1) (T.Ford),Foul,Personal,1,0,236,0022300084
0022300084,333,PT10M47.00S,3,1610612751,BKN,1628969,Bridges,M. Bridges,-5,180,18,Missed,1,,,0,v,MISS Bridges 18' Pullup Jump Shot,Missed Shot,Pullup Jump shot,1,2,237,0022300084
0022300084,334,PT10M44.00S,3,1610612742,DAL,202681,Irving,K. Irving,0,0,0,,0,,,0,h,Irving REBOUND (Off:0 Def:4),Rebound,Unknown,1,0,238,0022300084
0022300084,335,PT10M37.00S,3,1610612742,DAL,1629029,Dončić,L. Dončić,83,267,28,Missed,1,,,0,h,MISS Doncic 28' 3PT Jump Shot,Missed Shot,Jump Shot,1,3,239,0022300084
0022300084,336,PT10M37.00S,3,1610612751,BKN,1630560,Thomas,C. Thomas,0,0,0,,0,,,0,v,Thomas REBOUND (Off:0 Def:5),Rebound,Unknown,1,0,240,0022300084
0022300084,337,PT10M30.00S,3,1610612751,BKN,1627732,Simmons,B. Simmons,9,16,2,Made,1,59,61,120,v,Simmons 2' Running Alley Oop Layup Shot (6 PTS) (Thomas 2 AST),Made Shot,Running Alley Oop Layup Shot,1,2,241,0022300084
0022300084,339,PT10M17.00S,3,1610612742,DAL,202681,Irving,K. Irving,-49,94,11,Missed,1,,,0,h,MISS Irving 11' Driving Floating Bank Jump Shot,Missed Shot,Driving Floating Bank Jump Shot,1,2,242,0022300084
0022300084,343,PT10M12.00S,3,0,,1610612742,,,0,0,0,,0,,,0,h,MAVERICKS Rebound,Rebound,Unknown,0,0,243,0022300084
0022300084,340,PT10M12.00S,3,1610612742,DAL,1641726,Lively II,D. Lively II,0,0,0,,0,,,0,h,Jump Ball Lively II vs. Finney-Smith: Tip to Irving,Jump Ball,,0,0,244,0022300084
0022300084,344,PT10M08.00S,3,1610612751,BKN,1630560,Thomas,C. Thomas,0,0,0,,0,,,0,v,Thomas P.FOUL (P1.T2) (T.Ford),Foul,Personal,1,0,245,0022300084
0022300084,346,PT10M02.00S,3,1610612742,DAL,202681,Irving,K. Irving,121,7,12,Made,1,61,61,122,h,Irving 12' Fadeaway Jumper (9 PTS),Made Shot,Fadeaway Jump Shot,1,2,246,0022300084
0022300084,347,PT09M52.00S,3,1610612751,BKN,203915,Dinwiddie,S. Dinwiddie,232,57,24,Made,1,61,64,125,v,Dinwiddie 24' 3PT Jump Shot (18 PTS) (Simmons 5 AST),Made Shot,Jump Shot,1,3,247,0022300084
0022300084,349,PT09M42.00S,3,1610612742,DAL,1629029,Dončić,L. Dončić,-184,179,26,Missed,1,,,0,h,MISS Doncic 26' 3PT Step Back Jump Shot,Missed Shot,Step Back Jump shot,1,3,248,0022300084
0022300084,350,PT09M37.00S,3,1610612751,BKN,1627827,Finney-Smith,D. Finney-Smith,0,0,0,,0,,,0,v,Finney-Smith REBOUND (Off:1 Def:3),Rebound,Unknown,1,0,249,0022300084
0022300084,351,PT09M35.00S,3,1610612751,BKN,1627732,Simmons,B. Simmons,0,13,1,Made,1,61,66,127,v,Simmons 1' Running Layup (8 PTS) (Finney-Smith 1 AST),Made Shot,Running Layup Shot,1,2,250,0022300084
0022300084,354,PT09M18.00S,3,1610612742,DAL,1629684,Williams,G. Williams,99,227,25,Missed,1,,,0,h,MISS Williams 25' 3PT Jump Shot,Missed Shot,Jump Shot,1,3,251,0022300084
0022300084,355,PT09M15.00S,3,1610612751,BKN,1627827,Finney-Smith,D. Finney-Smith,0,0,0,,0,,,0,v,Finney-Smith REBOUND (Off:1 Def:4),Rebound,Unknown,1,0,252,0022300084
0022300084,356,PT09M05.00S,3,1610612751,BKN,1628969,Bridges,M. Bridges,22,22,3,Missed,1,,,0,v,MISS Bridges 3' Driving Layup,Missed Shot,Driving Layup Shot,1,2,253,0022300084
0022300084,357,PT09M04.00S,3,1610612742,DAL,1629029,Dončić,L. Dončić,0,0,0,,0,,,0,h,Doncic REBOUND (Off:1 Def:5),Rebound,Unknown,1,0,254,0022300084
0022300084,358,PT09M01.00S,3,1610612742,DAL,1627884,Jones Jr.,D. Jones Jr.,0,11,1,Made,1,63,66,129,h,Jones Jr. 1' Running Dunk (4 PTS) (Irving 2 AST),Made Shot,Running Dunk Shot,1,2,255,0022300084
0022300084,360,PT08M44.00S,3,1610612751,BKN,203915,Dinwiddie,S. Dinwiddie,-230,93,25,Made,1,63,69,132,v,Dinwiddie 25' 3PT Jump Shot (21 PTS) (Bridges 3 AST),Made Shot,Jump Shot,1,3,256,0022300084
0022300084,362,PT08M43.00S,3,0,,1610612742,,,0,0,0,,0,,,0,h,MAVERICKS Timeout: Regular (Full 3 Short 0),Timeout,Regular,0,0,257,0022300084
0022300084,363,PT08M43.00S,3,1610612742,DAL,1641726,Lively II,D. Lively II,0,0,0,,0,,,0,h,SUB: Kleber FOR Lively II,Substitution,,0,0,258,0022300084
0022300084,364,PT08M43.00S,3,1610612742,DAL,1629684,Williams,G. Williams,0,0,0,,0,,,0,h,SUB: Hardaway Jr. FOR Williams,Substitution,,0,0,259,0022300084
0022300084,365,PT08M43.00S,3,1610612742,DAL,1627884,Jones Jr.,D. Jones Jr.,0,0,0,,0,,,0,h,SUB: Green FOR Jones Jr.,Substitution,,0,0,260,0022300084
0022300084,369,PT08M27.00S,3,1610612742,DAL,203501,Hardaway Jr.,T. Hardaway Jr.,-227,29,0,Made,1,66,69,135,h,Hardaway Jr. 3PT Jump Shot (13 PTS) (Doncic 6 AST),Made Shot,Jump Shot,1,3,261,0022300084
0022300084,371,PT08M08.00S,3,1610612751,BKN,1628969,Bridges,M. Bridges,-2,9,1,Made,1,66,71,137,v,Bridges 1' Driving Reverse Layup (13 PTS) (Finney-Smith 2 AST),Made Shot,Driving Reverse Layup Shot,1,2,262,0022300084
0022300084,373,PT07M59.00S,3,1610612742,DAL,202681,Irving,K. Irving,-25,-1,3,Missed,1,,,0,h,MISS Irving 3' Driving Layup,Missed Shot,Driving Layup Shot,1,2,263,0022300084
0022300084,374,PT07M55.00S,3,1610612742,DAL,202681,Irving,K. Irving,0,0,0,,0,,,0,h,Irving REBOUND (Off:1 Def:4),Rebound,Unknown,1,0,264,0022300084
0022300084,375,PT07M55.00S,3,1610612742,DAL,202681,Irving,K. Irving,0,0,0,Missed,1,,,0,h,MISS Irving Tip Layup Shot,Missed Shot,Tip Layup Shot,1,2,265,0022300084
0022300084,376,PT07M55.00S,3,1610612751,BKN,1627827,Finney-Smith,D. Finney-Smith,0,0,0,,0,,,0,v,Finney-Smith REBOUND (Off:1 Def:5),Rebound,Unknown,1,0,266,0022300084
0022300084,377,PT07M49.00S,3,1610612742,DAL,202681,Irving,K. Irving,0,0,0,,0,,,0,h,Irving S.FOUL (P1.T2) (D.Scott),Foul,Shooting,1,0,267,0022300084
0022300084,379,PT07M49.00S,3,1610612751,BKN,1630560,Thomas,C. Thomas,0,0,0,,0,66,72,138,v,Thomas Free Throw 1 of 2 (13 PTS),Free Throw,Free Throw 1 of 2,1,0,268,0022300084
0022300084,380,PT07M49.00S,3,1610612751,BKN,1630560,Thomas,C. Thomas,0,0,0,,0,66,73,139,v,Thomas Free Throw 2 of 2 (14 PTS),Free Throw,Free Throw 2 of 2,0,0,269,0022300084
0022300084,381,PT07M36.00S,3,1610612742,DAL,1629029,Dončić,L. Dončić,29,12,3,Made,1,68,73,141,h,Doncic 3' Driving Layup (22 PTS),Made Shot,Driving Layup Shot,1,2,270,0022300084
0022300084,382,PT07M21.00S,3,1610612742,DAL,1628467,Kleber,M. Kleber,0,0,0,,0,,,0,h,Kleber S.FOUL (P1.T3) (T.Ford),Foul,Shooting,1,0,271,0022300084
0022300084,384,PT07M21.00S,3,1610612751,BKN,1628969,Bridges,M. Bridges,0,0,0,,0,68,74,142,v,Bridges Free Throw 1 of 2 (14 PTS),Free Throw,Free Throw 1 of 2,1,0,272,0022300084
0022300084,385,PT07M21.00S,3,1610612751,BKN,1628969,Bridges,M. Bridges,0,0,0,,0,68,75,143,v,Bridges Free Throw 2 of 2 (15 PTS),Free Throw,Free Throw 2 of 2,1,0,273,0022300084
0022300084,386,PT07M08.00S,3,1610612742,DAL,203501,Hardaway Jr.,T. Hardaway Jr.,-233,27,0,Missed,1,,,0,h,MISS Hardaway Jr. 3PT Jump Shot,Missed Shot,Jump Shot,1,3,274,0022300084
0022300084,387,PT07M04.00S,3,1610612751,BKN,1627732,Simmons,B. Simmons,0,0,0,,0,,,0,v,Simmons REBOUND (Off:2 Def:3),Rebound,Unknown,1,0,275,0022300084
0022300084,388,PT07M02.00S,3,1610612751,BKN,203915,Dinwiddie,S. Dinwiddie,147,247,29,Missed,1,,,0,v,MISS Dinwiddie 29' 3PT Running Jump Shot,Missed Shot,Running Jump Shot,1,3,276,0022300084
0022300084,389,PT06M58.00S,3,1610612742,DAL,1628467,Kleber,M. Kleber,0,0,0,,0,,,0,h,Kleber REBOUND (Off:1 Def:3),Rebound,Unknown,1,0,277,0022300084
0022300084,390,PT06M49.00S,3,1610612742,DAL,1630182,Green,J. Green,-234,10,0,Missed,1,,,0,h,MISS Green 3PT Jump Shot,Missed Shot,Jump Shot,1,3,278,0022300084
0022300084,391,PT06M46.00S,3,1610612751,BKN,1628969,Bridges,M. Bridges,0,0,0,,0,,,0,v,Bridges REBOUND (Off:1 Def:3),Rebound,Unknown,1,0,279,0022300084
0022300084,392,PT06M38.00S,3,1610612751,BKN,1628969,Bridges,M. Bridges,-118,232,26,Missed,1,,,0,v,MISS Bridges 26' 3PT Jump Shot,Missed Shot,Jump Shot,1,3,280,0022300084
0022300084,393,PT06M35.00S,3,1610612742,DAL,203501,Hardaway Jr.,T. Hardaway Jr.,0,0,0,,0,,,0,h,Hardaway Jr. REBOUND (Off:0 Def:2),Rebound,Unknown,1,0,281,0022300084
0022300084,394,PT06M15.00S,3,1610612742,DAL,203501,Hardaway Jr.,T. Hardaway Jr.,20,123,12,Missed,1,,,0,h,MISS Hardaway Jr. 12' Driving Floating Jump Shot,Missed Shot,Driving Floating Jump Shot,1,2,282,0022300084
0022300084,395,PT06M12.00S,3,1610612751,BKN,1627732,Simmons,B. Simmons,0,0,0,,0,,,0,v,Simmons REBOUND (Off:2 Def:4),Rebound,Unknown,1,0,283,0022300084
0022300084,396,PT06M00.00S,3,1610612751,BKN,1628969,Bridges,M. Bridges,32,19,4,Missed,1,,,0,v,MISS Bridges 4' Layup,Missed Shot,Layup Shot,1,2,284,0022300084
0022300084,397,PT05M58.00S,3,1610612742,DAL,1628467,Kleber,M. Kleber,0,0,0,,0,,,0,h,Kleber REBOUND (Off:1 Def:4),Rebound,Unknown,1,0,285,0022300084
0022300084,399,PT05M39.00S,3,1610612742,DAL,1629029,Dončić,L. Dončić,43,17,5,Made,1,70,75,145,h,Doncic 5' Layup (24 PTS),Made Shot,Layup Shot,1,2,286,0022300084
0022300084,400,PT05M39.00S,3,1610612751,BKN,1627732,Simmons,B. Simmons,0,0,0,,0,,,0,v,Simmons Violation:Defensive Goaltending (J.Tiven),Violation,Defensive Goaltending,1,0,287,0022300084
0022300084,401,PT05M27.00S,3,1610612751,BKN,1627732,Simmons,B. Simmons,-4,5,1,Made,1,70,77,147,v,Simmons 1' Driving Reverse Layup (10 PTS),Made Shot,Driving Reverse Layup Shot,1,2,288,0022300084
0022300084,402,PT05M22.00S,3,1610612742,DAL,202681,Irving,K. Irving,4,10,1,Made,1,72,77,149,h,Irving 1' Layup (11 PTS) (Doncic 7 AST),Made Shot,Layup Shot,1,2,289,0022300084
0022300084,404,PT05M13.00S,3,0,,1610612751,,,0,0,0,,0,,,0,v,Nets Timeout: Regular (Reg.3 Short 0),Timeout,Regular,0,0,290,0022300084
0022300084,405,PT05M13.00S,3,1610612742,DAL,202681,Irving,K. Irving,0,0,0,,0,,,0,h,SUB: Williams FOR Irving,Substitution,,0,0,291,0022300084
0022300084,406,PT05M13.00S,3,1610612751,BKN,1628969,Bridges,M. Bridges,0,0,0,,0,,,0,v,SUB: O'Neale FOR Bridges,Substitution,,0,0,292,0022300084
0022300084,407,PT05M13.00S,3,1610612751,BKN,1627827,Finney-Smith,D. Finney-Smith,0,0,0,,0,,,0,v,SUB: Walker IV FOR Finney-Smith,Substitution,,0,0,293,0022300084
0022300084,411,PT05M02.00S,3,1610612751,BKN,203915,Dinwiddie,S. Dinwiddie,-129,147,20,Missed,1,,,0,v,MISS Dinwiddie 20' Pullup Jump Shot,Missed Shot,Pullup Jump shot,1,2,294,0022300084
0022300084,412,PT04M59.00S,3,1610612742,DAL,1629684,Williams,G. Williams,0,0,0,,0,,,0,h,Williams REBOUND (Off:0 Def:4),Rebound,Unknown,1,0,295,0022300084
0022300084,413,PT04M41.00S,3,1610612742,DAL,1629684,Williams,G. Williams,-26,17,3,Missed,1,,,0,h,MISS Williams 3' Driving Layup,Missed Shot,Driving Layup Shot,1,2,296,0022300084
0022300084,414,PT04M39.00S,3,1610612751,BKN,1626220,O'Neale,R. O'Neale,0,0,0,,0,,,0,v,O'Neale REBOUND (Off:1 Def:2),Rebound,Unknown,1,0,297,0022300084
0022300084,415,PT04M30.00S,3,1610612751,BKN,1630560,Thomas,C. Thomas,5,11,1,Made,1,72,79,151,v,Thomas 1' Driving Dunk (16 PTS) (O'Neale 3 AST),Made Shot,Driving Dunk Shot,1,2,298,0022300084
0022300084,417,PT04M22.00S,3,1610612742,DAL,1629029,Dončić,L. Dončić,-189,185,26,Made,1,75,79,154,h,Doncic 26' 3PT Step Back Jump Shot (27 PTS),Made Shot,Step Back Jump shot,1,3,299,0022300084
0022300084,418,PT04M14.00S,3,1610612751,BKN,1627732,Simmons,B. Simmons,0,0,0,,0,,,0,v,Simmons Bad Pass Turnover (P1.T10),Turnover,Bad Pass,0,0,300,0022300084
0022300084,418,PT04M14.00S,3,1610612742,DAL,1630182,Green,J. Green,0,0,0,,0,,,0,h,Green STEAL (1 STL),,,0,0,301,0022300084
0022300084,420,PT04M08.00S,3,1610612742,DAL,203501,Hardaway Jr.,T. Hardaway Jr.,26,81,9,Missed,1,,,0,h,MISS Hardaway Jr. 9' Running Jump Shot,Missed Shot,Running Jump Shot,1,2,302,0022300084
0022300084,421,PT04M06.00S,3,1610612742,DAL,203501,Hardaway Jr.,T. Hardaway Jr.,0,0,0,,0,,,0,h,Hardaway Jr. REBOUND (Off:1 Def:2),Rebound,Unknown,1,0,303,0022300084
0022300084,423,PT04M04.00S,3,1610612742,DAL,203501,Hardaway Jr.,T. Hardaway Jr.,125,0,13,Missed,1,,,0,h,MISS Hardaway Jr. 13' Jump Shot,Missed Shot,Jump Shot,1,2,304,0022300084
0022300084,424,PT04M00.00S,3,1610612751,BKN,1627732,Simmons,B. Simmons,0,0,0,,0,,,0,v,Simmons REBOUND (Off:2 Def:5),Rebound,Unknown,1,0,305,0022300084
0022300084,425,PT03M55.00S,3,1610612751,BKN,1630560,Thomas,C. Thomas,11,41,4,Made,1,75,81,156,v,Thomas 4' Floating Jump Shot (18 PTS) (Simmons 6 AST),Made Shot,Floating Jump shot,1,2,306,0022300084
0022300084,427,PT03M47.00S,3,1610612742,DAL,1630182,Green,J. Green,0,0,0,,0,,,0,h,Green OFF.Foul (P1) (D.Scott),Foul,Offensive,1,0,307,0022300084
0022300084,429,PT03M47.00S,3,1610612742,DAL,1630182,Green,J. Green,0,0,0,,0,,,0,h,Green Offensive Foul Turnover (P3.T9),Turnover,Offensive Foul Turnover,1,0,308,0022300084
0022300084,430,PT03M27.00S,3,1610612751,BKN,1630560,Thomas,C. Thomas,59,257,26,Missed,1,,,0,v,MISS Thomas 26' 3PT Step Back Jump Shot,Missed Shot,Step Back Jump shot,1,3,309,0022300084
0022300084,431,PT03M24.00S,3,1610612742,DAL,1629684,Williams,G. Williams,0,0,0,,0,,,0,h,Williams REBOUND (Off:0 Def:5),Rebound,Unknown,1,0,310,0022300084
0022300084,433,PT03M21.00S,3,1610612751,BKN,1627732,Simmons,B. Simmons,0,0,0,,0,,,0,v,SUB: Smith Jr. FOR Simmons,Substitution,,0,0,311,0022300084
0022300084,434,PT03M21.00S,3,1610612751,BKN,1630560,Thomas,C. Thomas,0,0,0,,0,,,0,v,SUB: Bridges FOR Thomas,Substitution,,0,0,312,0022300084
0022300084,435,PT03M21.00S,3,1610612751,BKN,203915,Dinwiddie,S. Dinwiddie,0,0,0,,0,,,0,v,SUB: Finney-Smith FOR Dinwiddie,Substitution,,0,0,313,0022300084
0022300084,439,PT03M13.00S,3,1610612742,DAL,1629029,Dončić,L. Dončić,-83,263,28,Missed,1,,,0,h,MISS Doncic 28' 3PT Jump Shot,Missed Shot,Jump Shot,1,3,314,0022300084
0022300084,440,PT03M08.00S,3,1610612751,BKN,1626220,O'Neale,R. O'Neale,0,0,0,,0,,,0,v,O'Neale REBOUND (Off:1 Def:3),Rebound,Unknown,1,0,315,0022300084
0022300084,441,PT02M53.00S,3,1610612751,BKN,1628372,Smith Jr.,D. Smith Jr.,5,188,19,Missed,1,,,0,v,MISS Smith Jr. 19' Pullup Jump Shot,Missed Shot,Pullup Jump shot,1,2,316,0022300084
0022300084,442,PT02M52.00S,3,0,,1610612742,,,0,0,0,,0,,,0,h,MAVERICKS Rebound,Rebound,Unknown,1,0,317,0022300084
0022300084,444,PT02M41.00S,3,1610612742,DAL,1629029,Dončić,L. Dončić,-32,25,4,Made,1,77,81,158,h,Doncic 4' Driving Floating Bank Jump Shot (29 PTS),Made Shot,Driving Floating Bank Jump Shot,1,2,318,0022300084
0022300084,448,PT02M41.00S,3,1610612751,BKN,1628372,Smith Jr.,D. Smith Jr.,0,0,0,,0,,,0,v,Smith Jr. S.FOUL (P2.T3) (D.Scott),Foul,Shooting,1,0,319,0022300084
0022300084,450,PT02M41.00S,3,1610612742,DAL,1629029,Dončić,L. Dončić,0,0,0,,0,78,81,159,h,Doncic Free Throw 1 of 1 (30 PTS),Free Throw,Free Throw 1 of 1,1,0,320,0022300084
0022300084,451,PT02M17.00S,3,1610612751,BKN,1626220,O'Neale,R. O'Neale,0,0,0,,0,,,0,v,O'Neale Lost Ball Turnover (P2.T11),Turnover,Lost Ball,1,0,321,0022300084
0022300084,451,PT02M17.00S,3,1610612742,DAL,1630182,Green,J. Green,0,0,0,,0,,,0,h,Green STEAL (2 STL),,,1,0,322,0022300084
0022300084,453,PT02M15.00S,3,1610612751,BKN,1628372,Smith Jr.,D. Smith Jr.,0,0,0,,0,,,0,v,Smith Jr. S.FOUL (P3.T4) (T.Ford),Foul,Shooting,1,0,323,0022300084
0022300084,455,PT02M15.00S,3,1610612742,DAL,1630182,Green,J. Green,0,0,0,,0,,,0,h,MISS Green Free Throw 1 of 2,Free Throw,Free Throw 1 of 2,1,0,324,0022300084
0022300084,456,PT02M15.00S,3,0,,1610612742,,,0,0,0,,0,,,0,h,MAVERICKS Rebound,Rebound,Normal Rebound,0,0,325,0022300084
0022300084,457,PT02M15.00S,3,1610612742,DAL,1630182,Green,J. Green,0,0,0,,0,,,0,h,MISS Green Free Throw 2 of 2,Free Throw,Free Throw 2 of 2,1,0,326,0022300084
0022300084,458,PT02M12.00S,3,1610612751,BKN,1626220,O'Neale,R. O'Neale,0,0,0,,0,,,0,v,O'Neale REBOUND (Off:1 Def:4),Rebound,Unknown,1,0,327,0022300084
0022300084,459,PT01M55.00S,3,1610612751,BKN,1628372,Smith Jr.,D. Smith Jr.,-5,56,6,Missed,1,,,0,v,MISS Smith Jr. 6' Turnaround Hook Shot,Missed Shot,Turnaround Hook Shot,1,2,328,0022300084
0022300084,460,PT01M53.00S,3,1610612742,DAL,1629029,Dončić,L. Dončić,0,0,0,,0,,,0,h,Doncic REBOUND (Off:1 Def:6),Rebound,Unknown,1,0,329,0022300084
0022300084,461,PT01M43.00S,3,1610612751,BKN,1628372,Smith Jr.,D. Smith Jr.,0,0,0,,0,,,0,v,Smith Jr. S.FOUL (P4.PN) (T.Ford),Foul,Shooting,1,0,330,0022300084
0022300084,463,PT01M43.00S,3,1610612742,DAL,1629029,Dončić,L. Dončić,0,0,0,,0,79,81,160,h,Doncic Free Throw 1 of 2 (31 PTS),Free Throw,Free Throw 1 of 2,1,0,331,0022300084
0022300084,464,PT01M43.00S,3,1610612751,BKN,1628372,Smith Jr.,D. Smith Jr.,0,0,0,,0,,,0,v,SUB: Dinwiddie FOR Smith Jr.,Substitution,,0,0,332,0022300084
0022300084,466,PT01M43.00S,3,1610612742,DAL,1629029,Dončić,L. Dončić,0,0,0,,0,80,81,161,h,Doncic Free Throw 2 of 2 (32 PTS),Free Throw,Free Throw 2 of 2,1,0,333,0022300084
0022300084,467,PT01M19.00S,3,1610612751,BKN,1629022,Walker IV,L. Walker IV,18,26,3,Made,1,80,83,163,v,Walker IV 3' Cutting Layup Shot (8 PTS) (Dinwiddie 3 AST),Made Shot,Cutting Layup Shot,1,2,334,0022300084
0022300084,469,PT01M08.00S,3,1610612742,DAL,1630182,Green,J. Green,-13,13,2,Made,1,82,83,165,h,Green 2' Driving Layup (4 PTS),Made Shot,Driving Layup Shot,1,2,335,0022300084
0022300084,470,PT01M00.00S,3,1610612751,BKN,1629022,Walker IV,L. Walker IV,148,241,28,Made,1,82,86,168,v,Walker IV 28' 3PT Jump Shot (11 PTS) (Dinwiddie 4 AST),Made Shot,Jump Shot,1,3,336,0022300084
0022300084,472,PT00M42.90S,3,1610612742,DAL,1629029,Dončić,L. Dončić,-95,2,10,Made,1,84,86,170,h,Doncic 10' Driving Floating Jump Shot (34 PTS),Made Shot,Driving Floating Jump Shot,1,2,337,0022300084
0022300084,473,PT00M35.10S,3,1610612751,BKN,1628969,Bridges,M. Bridges,-189,166,25,Made,1,84,89,173,v,Bridges 25' 3PT Jump Shot (18 PTS) (Dinwiddie 5 AST),Made Shot,Jump Shot,1,3,338,0022300084
0022300084,475,PT00M17.50S,3,1610612751,BKN,1629022,Walker IV,L. Walker IV,0,0,0,,0,,,0,v,Walker IV P.FOUL (P3.PN) (T.Ford),Foul,Personal,1,0,339,0022300084
0022300084,477,PT00M17.50S,3,1610612742,DAL,1629029,Dončić,L. Dončić,0,0,0,,0,85,89,174,h,Doncic Free Throw 1 of 2 (35 PTS),Free Throw,Free Throw 1 of 2,1,0,340,0022300084
0022300084,478,PT00M17.50S,3,1610612751,BKN,1627827,Finney-Smith,D. Finney-Smith,0,0,0,,0,,,0,v,SUB: Thomas FOR Finney-Smith,Substitution,,0,0,341,0022300084
0022300084,480,PT00M17.50S,3,1610612742,DAL,1629029,Dončić,L. Dončić,0,0,0,,0,,,0,h,MISS Doncic Free Throw 2 of 2,Free Throw,Free Throw 2 of 2,1,0,342,0022300084
0022300084,481,PT00M15.00S,3,1610612751,BKN,1626220,O'Neale,R. O'Neale,0,0,0,,0,,,0,v,O'Neale REBOUND (Off:1 Def:5),Rebound,Unknown,1,0,343,0022300084
0022300084,482,PT00M05.80S,3,1610612751,BKN,1630560,Thomas,C. Thomas,115,146,19,Missed,1,,,0,v,MISS Thomas 19' Step Back Jump Shot,Missed Shot,Step Back Jump shot,1,2,344,0022300084
0022300084,483,PT00M03.10S,3,1610612742,DAL,1630182,Green,J. Green,0,0,0,,0,,,0,h,Green REBOUND (Off:1 Def:1),Rebound,Unknown,1,0,345,0022300084
0022300084,484,PT00M00.20S,3,1610612751,BKN,1630560,Thomas,C. Thomas,0,0,0,,0,,,0,v,Thomas S.FOUL (P2.PN) (D.Scott),Foul,Shooting,1,0,346,0022300084
0022300084,487,PT00M00.20S,3,1610612742,DAL,203501,Hardaway Jr.,T. Hardaway Jr.,0,0,0,,0,86,89,175,h,Hardaway Jr. Free Throw 1 of 3 (14 PTS),Free Throw,Free Throw 1 of 3,1,0,347,0022300084
0022300084,488,PT00M00.20S,3,1610612742,DAL,203501,Hardaway Jr.,T. Hardaway Jr.,0,0,0,,0,87,89,176,h,Hardaway Jr. Free Throw 2 of 3 (15 PTS),Free Throw,Free Throw 2 of 3,1,0,348,0022300084
0022300084,499,PT00M00.20S,3,1610612742,DAL,203501,Hardaway Jr.,T. Hardaway Jr.,0,0,0,,0,88,89,177,h,Hardaway Jr. Free Throw 3 of 3 (16 PTS),Free Throw,Free Throw 3 of 3,1,0,349,0022300084
0022300084,489,PT00M00.20S,3,1610612742,DAL,1628467,Kleber,M. Kleber,0,0,0,,0,,,0,h,SUB: Exum FOR Kleber,Substitution,,0,0,350,0022300084
0022300084,490,PT00M00.20S,3,1610612742,DAL,1629029,Dončić,L. Dončić,0,0,0,,0,,,0,h,SUB: Powell FOR Doncic,Substitution,,0,0,351,0022300084
0022300084,491,PT00M00.20S,3,1610612751,BKN,1628969,Bridges,M. Bridges,0,0,0,,0,,,0,v,SUB: Simmons FOR Bridges,Substitution,,0,0,352,0022300084
0022300084,492,PT00M00.20S,3,1610612751,BKN,203915,Dinwiddie,S. Dinwiddie,0,0,0,,0,,,0,v,SUB: Sharpe FOR Dinwiddie,Substitution,,0,0,353,0022300084
0022300084,493,PT00M00.20S,3,1610612751,BKN,1630560,Thomas,C. Thomas,0,0,0,,0,,,0,v,SUB: Finney-Smith FOR Thomas,Substitution,,0,0,354,0022300084
0022300084,500,PT00M00.00S,3,0,,0,,,0,0,0,,0,88,89,177,,End of 3rd Period (10:18 PM EST),period,end,1,0,355,0022300084
0022300084,507,PT12M00.00S,4,0,,0,,,0,0,0,,0,88,89,177,,Start of 4th Period (10:21 PM EST),period,start,0,0,356,0022300084
0022300084,508,PT11M47.00S,4,1610612751,BKN,1630560,Thomas,C. Thomas,-17,106,11,Made,1,88,91,179,v,Thomas 11' Driving Floating Jump Shot (20 PTS) (Finney-Smith 3 AST),Made Shot,Driving Floating Jump Shot,1,2,357,0022300084
0022300084,510,PT11M33.00S,4,1610612742,DAL,203501,Hardaway Jr.,T. Hardaway Jr.,51,251,26,Missed,1,,,0,h,MISS Hardaway Jr. 26' 3PT Jump Shot,Missed Shot,Jump Shot,1,3,358,0022300084
0022300084,511,PT11M31.00S,4,1610612751,BKN,1630560,Thomas,C. Thomas,0,0,0,,0,,,0,v,Thomas REBOUND (Off:0 Def:6),Rebound,Unknown,1,0,359,0022300084
0022300084,512,PT11M28.00S,4,1610612751,BKN,1629022,Walker IV,L. Walker IV,-195,163,25,Missed,1,,,0,v,MISS Walker IV 25' 3PT Running Jump Shot,Missed Shot,Running Jump Shot,1,3,360,0022300084
0022300084,513,PT11M24.00S,4,1610612742,DAL,1629684,Williams,G. Williams,0,0,0,,0,,,0,h,Williams REBOUND (Off:0 Def:6),Rebound,Unknown,1,0,361,0022300084
0022300084,514,PT11M17.00S,4,1610612751,BKN,1627827,Finney-Smith,D. Finney-Smith,0,0,0,,0,,,0,v,Finney-Smith S.FOUL (P5.T1) (D.Scott),Foul,Shooting,1,0,362,0022300084
0022300084,516,PT11M17.00S,4,1610612742,DAL,203939,Powell,D. Powell,0,0,0,,0,89,91,180,h,Powell Free Throw 1 of 2 (1 PTS),Free Throw,Free Throw 1 of 2,1,0,363,0022300084
0022300084,517,PT11M17.00S,4,1610612751,BKN,1627827,Finney-Smith,D. Finney-Smith,0,0,0,,0,,,0,v,SUB: Simmons FOR Finney-Smith,Substitution,,0,0,364,0022300084
0022300084,519,PT11M17.00S,4,1610612742,DAL,203939,Powell,D. Powell,0,0,0,,0,90,91,181,h,Powell Free Throw 2 of 2 (2 PTS),Free Throw,Free Throw 2 of 2,0,0,365,0022300084
0022300084,520,PT11M04.00S,4,1610612751,BKN,1627732,Simmons,B. Simmons,0,0,0,,0,,,0,v,Simmons Lost Ball Turnover (P2.T12),Turnover,Lost Ball,1,0,366,0022300084
0022300084,520,PT11M04.00S,4,1610612742,DAL,203939,Powell,D. Powell,0,0,0,,0,,,0,h,Powell STEAL (1 STL),,,1,0,367,0022300084
0022300084,522,PT10M57.00S,4,1610612742,DAL,203501,Hardaway Jr.,T. Hardaway Jr.,0,7,1,Missed,1,,,0,h,MISS Hardaway Jr. 1' Driving Layup,Missed Shot,Driving Layup Shot,1,2,368,0022300084
0022300084,523,PT10M54.00S,4,1610612751,BKN,1630560,Thomas,C. Thomas,0,0,0,,0,,,0,v,Thomas REBOUND (Off:0 Def:7),Rebound,Unknown,1,0,369,0022300084
0022300084,524,PT10M52.00S,4,1610612751,BKN,1630560,Thomas,C. Thomas,47,24,5,Made,1,90,93,183,v,Thomas 5' Running Layup (22 PTS),Made Shot,Running Layup Shot,1,2,370,0022300084
0022300084,525,PT10M52.00S,4,1610612742,DAL,203939,Powell,D. Powell,0,0,0,,0,,,0,h,Powell Violation:Defensive Goaltending (T.Ford),Violation,Defensive Goaltending,1,0,371,0022300084
0022300084,526,PT10M52.00S,4,1610612742,DAL,1630182,Green,J. Green,0,0,0,,0,,,0,h,Green S.FOUL (P2.T1) (D.Scott),Foul,Shooting,1,0,372,0022300084
0022300084,528,PT10M52.00S,4,1610612751,BKN,1630560,Thomas,C. Thomas,0,0,0,,0,90,94,184,v,Thomas Free Throw 1 of 1 (23 PTS),Free Throw,Free Throw 1 of 1,1,0,373,0022300084
0022300084,529,PT10M42.00S,4,1610612742,DAL,202681,Irving,K. Irving,10,284,28,Missed,1,,,0,h,MISS Irving 28' 3PT Jump Shot,Missed Shot,Jump Shot,1,3,374,0022300084
0022300084,530,PT10M39.00S,4,1610612751,BKN,1626220,O'Neale,R. O'Neale,0,0,0,,0,,,0,v,O'Neale REBOUND (Off:1 Def:6),Rebound,Unknown,1,0,375,0022300084
0022300084,531,PT10M29.00S,4,1610612751,BKN,1630560,Thomas,C. Thomas,-56,72,9,Made,1,90,96,186,v,Thomas 9' Driving Floating Jump Shot (25 PTS),Made Shot,Driving Floating Jump Shot,1,2,376,0022300084
0022300084,532,PT10M17.00S,4,1610612742,DAL,203939,Powell,D. Powell,-2,12,1,Made,1,92,96,188,h,Powell 1' Reverse Layup (4 PTS) (Irving 3 AST),Made Shot,Reverse Layup Shot,1,2,377,0022300084
0022300084,534,PT10M10.00S,4,1610612751,BKN,1629022,Walker IV,L. Walker IV,21,13,2,Missed,1,,,0,v,MISS Walker IV 2' Driving Layup,Missed Shot,Driving Layup Shot,1,2,378,0022300084
0022300084,535,PT10M08.00S,4,1610612742,DAL,203501,Hardaway Jr.,T. Hardaway Jr.,0,0,0,,0,,,0,h,Hardaway Jr. REBOUND (Off:1 Def:3),Rebound,Unknown,1,0,379,0022300084
0022300084,536,PT09M56.00S,4,1610612742,DAL,203501,Hardaway Jr.,T. Hardaway Jr.,-161,209,26,Missed,1,,,0,h,MISS Hardaway Jr. 26' 3PT Pullup Jump Shot,Missed Shot,Pullup Jump shot,1,3,380,0022300084
0022300084,537,PT09M54.00S,4,1610612751,BKN,1629022,Walker IV,L. Walker IV,0,0,0,,0,,,0,v,Walker IV REBOUND (Off:0 Def:1),Rebound,Unknown,1,0,381,0022300084
0022300084,538,PT09M49.00S,4,1610612751,BKN,1626220,O'Neale,R. O'Neale,-6,20,2,Missed,1,,,0,v,MISS O'Neale 2' Running Layup,Missed Shot,Running Layup Shot,1,2,382,0022300084
0022300084,539,PT09M46.00S,4,1610612751,BKN,1626220,O'Neale,R. O'Neale,0,0,0,,0,,,0,v,O'Neale REBOUND (Off:2 Def:6),Rebound,Unknown,1,0,383,0022300084
0022300084,540,PT09M46.00S,4,1610612751,BKN,1626220,O'Neale,R. O'Neale,0,0,0,Made,1,92,98,190,v,O'Neale Tip Layup Shot (2 PTS),Made Shot,Tip Layup Shot,1,2,384,0022300084
0022300084,541,PT09M32.00S,4,1610612742,DAL,203501,Hardaway Jr.,T. Hardaway Jr.,-138,215,26,Made,1,95,98,193,h,Hardaway Jr. 26' 3PT Jump Shot (19 PTS) (Irving 4 AST),Made Shot,Jump Shot,1,3,385,0022300084
0022300084,543,PT09M29.00S,4,0,,1610612751,,,0,0,0,,0,,,0,v,Nets Timeout: Regular (Reg.4 Short 0),Timeout,Regular,0,0,386,0022300084
0022300084,544,PT09M29.00S,4,1610612742,DAL,1629684,Williams,G. Williams,0,0,0,,0,,,0,h,SUB: Kleber FOR Williams,Substitution,,0,0,387,0022300084
0022300084,546,PT09M16.00S,4,1610612742,DAL,202681,Irving,K. Irving,0,0,0,,0,,,0,h,Irving P.FOUL (P2.T2) (J.Tiven),Foul,Personal,1,0,388,0022300084
0022300084,549,PT09M09.00S,4,1610612751,BKN,1630560,Thomas,C. Thomas,-103,241,26,Made,1,95,101,196,v,Thomas 26' 3PT Pullup Jump Shot (28 PTS) (Simmons 7 AST),Made Shot,Pullup Jump shot,1,3,389,0022300084
0022300084,551,PT08M46.00S,4,1610612742,DAL,203939,Powell,D. Powell,-2,10,1,Made,1,97,101,198,h,Powell 1' Cutting Layup Shot (6 PTS) (Hardaway Jr. 1 AST),Made Shot,Cutting Layup Shot,1,2,390,0022300084
0022300084,553,PT08M34.00S,4,1610612751,BKN,1629022,Walker IV,L. Walker IV,112,226,25,Made,1,97,104,201,v,Walker IV 25' 3PT Jump Shot (14 PTS) (Simmons 8 AST),Made Shot,Jump Shot,1,3,391,0022300084
0022300084,555,PT08M19.00S,4,1610612742,DAL,1630182,Green,J. Green,44,60,7,Missed,1,,,0,h,MISS Green 7' Driving Floating Jump Shot,Missed Shot,Driving Floating Jump Shot,1,2,392,0022300084
0022300084,555,PT08M19.00S,4,1610612751,BKN,1629022,Walker IV,L. Walker IV,0,0,0,,0,,,0,v,Walker IV BLOCK (1 BLK),,,1,2,393,0022300084
0022300084,557,PT08M19.00S,4,0,,1610612742,,,0,0,0,,0,,,0,h,MAVERICKS Rebound,Rebound,Unknown,1,0,394,0022300084
0022300084,559,PT08M19.00S,4,1610612751,BKN,1627732,Simmons,B. Simmons,0,0,0,,0,,,0,v,Simmons P.FOUL (P2.T2) (J.Tiven),Foul,Personal,1,0,395,0022300084
0022300084,561,PT08M15.00S,4,1610612751,BKN,1626220,O'Neale,R. O'Neale,0,0,0,,0,,,0,v,O'Neale S.FOUL (P3.T3) (T.Ford),Foul,Shooting,1,0,396,0022300084
0022300084,563,PT08M15.00S,4,1610612742,DAL,202681,Irving,K. Irving,0,0,0,,0,98,104,202,h,Irving Free Throw 1 of 2 (12 PTS),Free Throw,Free Throw 1 of 2,1,0,397,0022300084
0022300084,564,PT08M15.00S,4,1610612742,DAL,202681,Irving,K. Irving,0,0,0,,0,99,104,203,h,Irving Free Throw 2 of 2 (13 PTS),Free Throw,Free Throw 2 of 2,1,0,398,0022300084
0022300084,565,PT07M59.00S,4,1610612751,BKN,203915,Dinwiddie,S. Dinwiddie,-7,119,12,Made,1,99,106,205,v,Dinwiddie 12' Fadeaway Jumper (23 PTS),Made Shot,Fadeaway Jump Shot,1,2,399,0022300084
0022300084,566,PT07M45.00S,4,1610612742,DAL,202681,Irving,K. Irving,-43,102,11,Made,1,101,106,207,h,Irving 11' Turnaround Fadeaway (15 PTS),Made Shot,Turnaround Fadeaway shot,1,2,400,0022300084
0022300084,567,PT07M36.00S,4,1610612751,BKN,203915,Dinwiddie,S. Dinwiddie,0,0,0,,0,,,0,v,Dinwiddie OFF.Foul (P2) (D.Scott),Foul,Offensive,1,0,401,0022300084
0022300084,569,PT07M36.00S,4,1610612751,BKN,203915,Dinwiddie,S. Dinwiddie,0,0,0,,0,,,0,v,Dinwiddie Offensive Foul Turnover (P2.T13),Turnover,Offensive Foul Turnover,1,0,402,0022300084
0022300084,570,PT07M27.00S,4,1610612751,BKN,203915,Dinwiddie,S. Dinwiddie,0,0,0,,0,,,0,v,Dinwiddie S.FOUL (P3.T4) (J.Tiven),Foul,Shooting,1,0,403,0022300084
0022300084,572,PT07M27.00S,4,1610612742,DAL,202681,Irving,K. Irving,0,0,0,,0,102,106,208,h,Irving Free Throw 1 of 2 (16 PTS),Free Throw,Free Throw 1 of 2,1,0,404,0022300084
0022300084,573,PT07M27.00S,4,1610612751,BKN,1630560,Thomas,C. Thomas,0,0,0,,0,,,0,v,SUB: Bridges FOR Thomas,Substitution,,0,0,405,0022300084
0022300084,575,PT07M27.00S,4,1610612742,DAL,202681,Irving,K. Irving,0,0,0,,0,103,106,209,h,Irving Free Throw 2 of 2 (17 PTS),Free Throw,Free Throw 2 of 2,1,0,406,0022300084
0022300084,576,PT07M05.00S,4,1610612751,BKN,1628969,Bridges,M. Bridges,67,69,10,Missed,1,,,0,v,MISS Bridges 10' Turnaround Jump Shot,Missed Shot,Turnaround Jump Shot,1,2,407,0022300084
0022300084,577,PT07M01.00S,4,1610612751,BKN,1627732,Simmons,B. Simmons,0,0,0,,0,,,0,v,Simmons REBOUND (Off:4 Def:5),Rebound,Unknown,1,0,408,0022300084
0022300084,578,PT07M01.00S,4,1610612751,BKN,1627732,Simmons,B. Simmons,0,0,0,Missed,1,,,0,v,MISS Simmons Tip Layup Shot,Missed Shot,Tip Layup Shot,1,2,409,0022300084
0022300084,579,PT07M01.00S,4,1610612751,BKN,1627732,Simmons,B. Simmons,0,0,0,,0,,,0,v,Simmons REBOUND (Off:4 Def:5),Rebound,Unknown,1,0,410,0022300084
0022300084,581,PT06M55.00S,4,1610612751,BKN,1629022,Walker IV,L. Walker IV,48,188,19,Missed,1,,,0,v,MISS Walker IV 19' Pullup Jump Shot,Missed Shot,Pullup Jump shot,1,2,411,0022300084
0022300084,582,PT06M51.00S,4,1610612742,DAL,202681,Irving,K. Irving,0,0,0,,0,,,0,h,Irving REBOUND (Off:1 Def:5),Rebound,Unknown,1,0,412,0022300084
0022300084,583,PT06M32.00S,4,1610612742,DAL,1628467,Kleber,M. Kleber,-4,53,5,Missed,1,,,0,h,MISS Kleber 5' Driving Finger Roll Layup,Missed Shot,Driving Finger Roll Layup Shot,1,2,413,0022300084
0022300084,584,PT06M28.00S,4,1610612742,DAL,203939,Powell,D. Powell,0,0,0,,0,,,0,h,Powell REBOUND (Off:2 Def:0),Rebound,Unknown,1,0,414,0022300084
0022300084,585,PT06M28.00S,4,1610612742,DAL,203939,Powell,D. Powell,0,0,0,Made,1,105,106,211,h,Powell Tip Layup Shot (8 PTS),Made Shot,Tip Layup Shot,1,2,415,0022300084
0022300084,586,PT06M17.00S,4,1610612751,BKN,1626220,O'Neale,R. O'Neale,0,0,0,,0,,,0,v,O'Neale OFF.Foul (P4) (D.Scott),Foul,Offensive,1,0,416,0022300084
0022300084,588,PT06M17.00S,4,1610612751,BKN,1626220,O'Neale,R. O'Neale,0,0,0,,0,,,0,v,O'Neale Offensive Foul Turnover (P3.T14),Turnover,Offensive Foul Turnover,1,0,417,0022300084
0022300084,589,PT06M17.00S,4,0,,1610612742,,,0,0,0,,0,,,0,h,MAVERICKS Timeout: Regular (Full 4 Short 0),Timeout,Regular,0,0,418,0022300084
0022300084,590,PT06M17.00S,4,1610612742,DAL,1630182,Green,J. Green,0,0,0,,0,,,0,h,SUB: Doncic FOR Green,Substitution,,0,0,419,0022300084
0022300084,591,PT06M17.00S,4,1610612742,DAL,1628467,Kleber,M. Kleber,0,0,0,,0,,,0,h,SUB: Williams FOR Kleber,Substitution,,0,0,420,0022300084
0022300084,592,PT06M17.00S,4,1610612751,BKN,1629022,Walker IV,L. Walker IV,0,0,0,,0,,,0,v,SUB: Finney-Smith FOR Walker IV,Substitution,,0,0,421,0022300084
0022300084,596,PT06M05.00S,4,1610612742,DAL,203939,Powell,D. Powell,233,-4,0,Made,1,108,106,214,h,Powell 3PT Jump Shot (11 PTS) (Irving 5 AST),Made Shot,Jump Shot,1,3,422,0022300084
0022300084,598,PT05M35.00S,4,1610612751,BKN,1626220,O'Neale,R. O'Neale,-227,22,0,Made,1,108,109,217,v,O'Neale 3PT Jump Shot (5 PTS),Made Shot,Jump Shot,1,3,423,0022300084
0022300084,600,PT05M20.00S,4,1610612742,DAL,202681,Irving,K. Irving,-31,260,26,Missed,1,,,0,h,MISS Irving 26' 3PT Pullup Jump Shot,Missed Shot,Pullup Jump shot,1,3,424,0022300084
0022300084,601,PT05M15.00S,4,1610612751,BKN,1626220,O'Neale,R. O'Neale,0,0,0,,0,,,0,v,O'Neale REBOUND (Off:2 Def:7),Rebound,Unknown,1,0,425,0022300084
0022300084,602,PT05M08.00S,4,1610612751,BKN,1626220,O'Neale,R. O'Neale,-65,258,27,Missed,1,,,0,v,MISS O'Neale 27' 3PT Jump Shot,Missed Shot,Jump Shot,1,3,426,0022300084
0022300084,603,PT05M06.00S,4,1610612742,DAL,202681,Irving,K. Irving,0,0,0,,0,,,0,h,Irving REBOUND (Off:1 Def:6),Rebound,Unknown,1,0,427,0022300084
0022300084,604,PT05M00.00S,4,1610612742,DAL,203501,Hardaway Jr.,T. Hardaway Jr.,0,63,6,Missed,1,,,0,h,MISS Hardaway Jr. 6' Driving Floating Jump Shot,Missed Shot,Driving Floating Jump Shot,1,2,428,0022300084
0022300084,605,PT04M58.00S,4,1610612751,BKN,1626220,O'Neale,R. O'Neale,0,0,0,,0,,,0,v,O'Neale REBOUND (Off:2 Def:8),Rebound,Unknown,1,0,429,0022300084
0022300084,606,PT04M52.00S,4,1610612751,BKN,1627827,Finney-Smith,D. Finney-Smith,50,246,25,Missed,1,,,0,v,MISS Finney-Smith 25' 3PT Jump Shot,Missed Shot,Jump Shot,1,3,430,0022300084
0022300084,607,PT04M49.00S,4,1610612742,DAL,1629029,Dončić,L. Dončić,0,0,0,,0,,,0,h,Doncic REBOUND (Off:1 Def:7),Rebound,Unknown,1,0,431,0022300084
0022300084,608,PT04M35.00S,4,1610612742,DAL,1629684,Williams,G. Williams,-239,7,24,Missed,1,,,0,h,MISS Williams 24' 3PT Jump Shot,Missed Shot,Jump Shot,1,3,432,0022300084
0022300084,609,PT04M33.00S,4,1610612751,BKN,1627732,Simmons,B. Simmons,0,0,0,,0,,,0,v,Simmons REBOUND (Off:4 Def:6),Rebound,Unknown,1,0,433,0022300084
0022300084,610,PT04M26.00S,4,1610612742,DAL,1629684,Williams,G. Williams,0,0,0,,0,,,0,h,Williams P.FOUL (P4.T3) (J.Tiven),Foul,Personal,1,0,434,0022300084
0022300084,612,PT04M26.00S,4,1610612742,DAL,203939,Powell,D. Powell,0,0,0,,0,,,0,h,SUB: Green FOR Powell,Substitution,,0,0,435,0022300084
0022300084,613,PT04M26.00S,4,1610612742,DAL,203501,Hardaway Jr.,T. Hardaway Jr.,0,0,0,,0,,,0,h,SUB: Kleber FOR Hardaway Jr.,Substitution,,0,0,436,0022300084
0022300084,614,PT04M26.00S,4,1610612751,BKN,1626220,O'Neale,R. O'Neale,0,0,0,,0,,,0,v,SUB: Thomas FOR O'Neale,Substitution,,0,0,437,0022300084
0022300084,618,PT04M11.00S,4,1610612751,BKN,1628969,Bridges,M. Bridges,0,0,0,,0,,,0,v,Bridges Lost Ball Turnover (P1.T15),Turnover,Lost Ball,1,0,438,0022300084
0022300084,618,PT04M11.00S,4,1610612742,DAL,1630182,Green,J. Green,0,0,0,,0,,,0,h,Green STEAL (3 STL),,,1,0,439,0022300084
0022300084,620,PT03M52.00S,4,1610612742,DAL,1630182,Green,J. Green,230,-5,0,Missed,1,,,0,h,MISS Green 3PT Jump Shot,Missed Shot,Jump Shot,1,3,440,0022300084
0022300084,620,PT03M52.00S,4,1610612751,BKN,1627732,Simmons,B. Simmons,0,0,0,,0,,,0,v,Simmons BLOCK (2 BLK),,,1,3,441,0022300084
0022300084,622,PT03M49.00S,4,1610612751,BKN,1627827,Finney-Smith,D. Finney-Smith,0,0,0,,0,,,0,v,Finney-Smith REBOUND (Off:1 Def:6),Rebound,Unknown,1,0,442,0022300084
0022300084,623,PT03M31.00S,4,1610612751,BKN,1627827,Finney-Smith,D. Finney-Smith,-229,19,0,Made,1,108,112,220,v,Finney-Smith 3PT Jump Shot (12 PTS) (Dinwiddie 6 AST),Made Shot,Jump Shot,1,3,443,0022300084
0022300084,625,PT03M30.00S,4,0,,1610612742,,,0,0,0,,0,,,0,h,MAVERICKS Timeout: Regular (Full 5 Short 0),Timeout,Regular,0,0,444,0022300084
0022300084,626,PT03M30.00S,4,1610612742,DAL,1629684,Williams,G. Williams,0,0,0,,0,,,0,h,SUB: Hardaway Jr. FOR Williams,Substitution,,0,0,445,0022300084
0022300084,627,PT03M30.00S,4,1610612751,BKN,1630560,Thomas,C. Thomas,0,0,0,,0,,,0,v,SUB: O'Neale FOR Thomas,Substitution,,0,0,446,0022300084
0022300084,630,PT03M22.00S,4,1610612751,BKN,1627732,Simmons,B. Simmons,0,0,0,,0,,,0,v,Simmons P.FOUL (P3.PN) (T.Ford),Foul,Personal,1,0,447,0022300084
0022300084,632,PT03M22.00S,4,1610612742,DAL,1629029,Dončić,L. Dončić,0,0,0,,0,109,112,221,h,Doncic Free Throw 1 of 2 (36 PTS),Free Throw,Free Throw 1 of 2,1,0,448,0022300084
0022300084,633,PT03M22.00S,4,1610612751,BKN,1627732,Simmons,B. Simmons,0,0,0,,0,,,0,v,SUB: Thomas FOR Simmons,Substitution,,0,0,449,0022300084
0022300084,635,PT03M22.00S,4,1610612742,DAL,1629029,Dončić,L. Dončić,0,0,0,,0,110,112,222,h,Doncic Free Throw 2 of 2 (37 PTS),Free Throw,Free Throw 2 of 2,1,0,450,0022300084
0022300084,636,PT03M15.00S,4,1610612751,BKN,1626220,O'Neale,R. O'Neale,165,213,27,Made,1,110,115,225,v,O'Neale 27' 3PT Jump Shot (8 PTS) (Dinwiddie 7 AST),Made Shot,Jump Shot,1,3,451,0022300084
0022300084,638,PT02M59.00S,4,1610612742,DAL,1629029,Dončić,L. Dončić,180,174,25,Made,1,113,115,228,h,Doncic 25' 3PT Step Back Jump Shot (40 PTS),Made Shot,Step Back Jump shot,1,3,452,0022300084
0022300084,639,PT02M36.00S,4,1610612751,BKN,1626220,O'Neale,R. O'Neale,-142,214,26,Made,1,113,118,231,v,O'Neale 26' 3PT Jump Shot (11 PTS) (Dinwiddie 8 AST),Made Shot,Jump Shot,1,3,453,0022300084
0022300084,641,PT02M21.00S,4,1610612742,DAL,203501,Hardaway Jr.,T. Hardaway Jr.,4,62,6,Missed,1,,,0,h,MISS Hardaway Jr. 6' Driving Floating Jump Shot,Missed Shot,Driving Floating Jump Shot,1,2,454,0022300084
0022300084,641,PT02M21.00S,4,1610612751,BKN,1630560,Thomas,C. Thomas,0,0,0,,0,,,0,v,Thomas BLOCK (1 BLK),,,1,2,455,0022300084
0022300084,643,PT02M19.00S,4,0,,1610612742,,,0,0,0,,0,,,0,h,MAVERICKS Rebound,Rebound,Unknown,0,0,456,0022300084
0022300084,645,PT02M19.00S,4,1610612751,BKN,1630560,Thomas,C. Thomas,0,0,0,,0,,,0,v,SUB: Simmons FOR Thomas,Substitution,,0,0,457,0022300084
0022300084,647,PT02M09.00S,4,1610612742,DAL,1629029,Dončić,L. Dončić,179,184,26,Made,1,116,118,234,h,Doncic 26' 3PT Jump Shot (43 PTS) (Irving 6 AST),Made Shot,Jump Shot,1,3,458,0022300084
0022300084,650,PT01M42.00S,4,0,,1610612751,,,0,0,0,,0,,,0,v,Nets Turnover: Shot Clock (T#16),Turnover,Shot Clock Turnover,1,0,459,0022300084
0022300084,652,PT01M26.00S,4,1610612742,DAL,1629029,Dončić,L. Dončić,-173,195,26,Made,1,119,118,237,h,Doncic 26' 3PT Step Back Jump Shot (46 PTS),Made Shot,Step Back Jump shot,1,3,460,0022300084
0022300084,653,PT01M16.00S,4,1610612751,BKN,203915,Dinwiddie,S. Dinwiddie,-142,135,20,Missed,1,,,0,v,MISS Dinwiddie 20' Driving Floating Jump Shot,Missed Shot,Driving Floating Jump Shot,1,2,461,0022300084
0022300084,654,PT01M12.00S,4,1610612742,DAL,1629029,Dončić,L. Dončić,0,0,0,,0,,,0,h,Doncic REBOUND (Off:1 Def:8),Rebound,Unknown,1,0,462,0022300084
0022300084,655,PT01M06.00S,4,1610612751,BKN,203915,Dinwiddie,S. Dinwiddie,0,0,0,,0,,,0,v,Dinwiddie P.FOUL (P4.PN) (D.Scott),Foul,Personal,1,0,463,0022300084
0022300084,657,PT01M06.00S,4,1610612742,DAL,1630182,Green,J. Green,0,0,0,,0,,,0,h,MISS Green Free Throw 1 of 2,Free Throw,Free Throw 1 of 2,1,0,464,0022300084
0022300084,658,PT01M06.00S,4,0,,1610612742,,,0,0,0,,0,,,0,h,MAVERICKS Rebound,Rebound,Normal Rebound,0,0,465,0022300084
0022300084,659,PT01M06.00S,4,1610612751,BKN,1627732,Simmons,B. Simmons,0,0,0,,0,,,0,v,SUB: Thomas FOR Simmons,Substitution,,0,0,466,0022300084
0022300084,661,PT01M06.00S,4,1610612742,DAL,1630182,Green,J. Green,0,0,0,,0,120,118,238,h,Green Free Throw 2 of 2 (5 PTS),Free Throw,Free Throw 2 of 2,1,0,467,0022300084
0022300084,662,PT00M50.70S,4,1610612751,BKN,1630560,Thomas,C. Thomas,88,199,22,Made,1,120,120,240,v,Thomas 22' Step Back Jump Shot (30 PTS),Made Shot,Step Back Jump shot,1,2,468,0022300084
0022300084,663,PT00M26.60S,4,1610612742,DAL,1629029,Dončić,L. Dončić,232,100,25,Made,1,123,120,243,h,Doncic 25' 3PT Jump Bank Shot (49 PTS) (Kleber 2 AST),Made Shot,Jump Bank Shot,1,3,469,0022300084
0022300084,665,PT00M23.90S,4,0,,1610612751,,,0,0,0,,0,,,0,v,Nets Timeout: Regular (Reg.5 Short 0),Timeout,Regular,0,0,470,0022300084
0022300084,666,PT00M23.90S,4,1610612742,DAL,202681,Irving,K. Irving,0,0,0,,0,,,0,h,SUB: Williams FOR Irving,Substitution,,0,0,471,0022300084
0022300084,667,PT00M23.90S,4,1610612742,DAL,203501,Hardaway Jr.,T. Hardaway Jr.,0,0,0,,0,,,0,h,SUB: Jones Jr. FOR Hardaway Jr.,Substitution,,0,0,472,0022300084
0022300084,670,PT00M19.50S,4,1610612742,DAL,1629684,Williams,G. Williams,0,0,0,,0,,,0,h,Williams Personal Take Foul (P5.T4) (J.Tiven),Foul,Personal Take,1,0,473,0022300084
0022300084,672,PT00M15.50S,4,1610612751,BKN,1630560,Thomas,C. Thomas,-183,178,26,Missed,1,,,0,v,MISS Thomas 26' 3PT Step Back Jump Shot,Missed Shot,Step Back Jump shot,1,3,474,0022300084
0022300084,673,PT00M12.90S,4,1610612742,DAL,1630182,Green,J. Green,0,0,0,,0,,,0,h,Green REBOUND (Off:1 Def:2),Rebound,Unknown,1,0,475,0022300084
0022300084,674,PT00M12.50S,4,1610612751,BKN,1628969,Bridges,M. Bridges,0,0,0,,0,,,0,v,Bridges Personal Take Foul (P2.PN) (J.Tiven),Foul,Personal Take,1,0,476,0022300084
0022300084,676,PT00M12.50S,4,1610612742,DAL,1630182,Green,J. Green,0,0,0,,0,124,120,244,h,Green Free Throw 1 of 2 (6 PTS),Free Throw,Free Throw 1 of 2,1,0,477,0022300084
0022300084,677,PT00M12.50S,4,1610612742,DAL,1630182,Green,J. Green,0,0,0,,0,125,120,245,h,Green Free Throw 2 of 2 (7 PTS),Free Throw,Free Throw 2 of 2,1,0,478,0022300084
0022300084,678,PT00M07.20S,4,1610612751,BKN,203915,Dinwiddie,S. Dinwiddie,2,269,27,Missed,1,,,0,v,MISS Dinwiddie 27' 3PT Pullup Jump Shot,Missed Shot,Pullup Jump shot,1,3,479,0022300084
0022300084,679,PT00M04.70S,4,0,,1610612751,,,0,0,0,,0,,,0,v,Nets Rebound,Rebound,Unknown,1,0,480,0022300084
0022300084,681,PT00M04.70S,4,0,,1610612742,,,0,0,0,,0,,,0,h,MAVERICKS Timeout: Regular (Full 6 Short 0),Timeout,Regular,0,0,481,0022300084
0022300084,682,PT00M04.70S,4,0,,680,Amaechi,J. Amaechi,0,0,0,,0,125,120,245,,Instant Replay4th Period (10:54 PM EST),Instant Replay,Coach Challenge Support Ruling,1,0,482,0022300084
0022300084,683,PT00M04.70S,4,1610612742,DAL,1628467,Kleber,M. Kleber,0,0,0,,0,,,0,h,SUB: Lively II FOR Kleber,Substitution,,0,0,483,0022300084
0022300084,685,PT00M02.90S,4,1610612751,BKN,1628969,Bridges,M. Bridges,217,117,25,Missed,1,,,0,v,MISS Bridges 25' 3PT Jump Shot,Missed Shot,Jump Shot,1,3,484,0022300084
0022300084,686,PT00M00.50S,4,1610612742,DAL,1629029,Dončić,L. Dončić,0,0,0,,0,,,0,h,Doncic REBOUND (Off:1 Def:9),Rebound,Unknown,1,0,485,0022300084
0022300084,687,PT00M00.00S,4,0,,0,,,0,0,0,,0,125,120,245,,End of 4th Period (10:57 PM EST),period,end,1,0,486,0022300084
